mode: atomic
github.com/bruli-lab/stowmark/internal/domain/encryption/asymmetric_key_pair.go:11.2,12.1 1 0
github.com/bruli-lab/stowmark/internal/domain/encryption/asymmetric_key_pair.go:15.2,16.1 1 0
github.com/bruli-lab/stowmark/internal/domain/encryption/asymmetric_key_pair.go:19.2,20.16 2 1
github.com/bruli-lab/stowmark/internal/domain/encryption/asymmetric_key_pair.go:21.3,22.1 1 0
github.com/bruli-lab/stowmark/internal/domain/encryption/asymmetric_key_pair.go:23.2,28.8 3 1
github.com/bruli-lab/stowmark/internal/domain/encryption/create_asymmetric_key_pair.go:17.2,18.16 2 3
github.com/bruli-lab/stowmark/internal/domain/encryption/create_asymmetric_key_pair.go:19.3,20.1 1 0
github.com/bruli-lab/stowmark/internal/domain/encryption/create_asymmetric_key_pair.go:21.2,21.46 1 3
github.com/bruli-lab/stowmark/internal/domain/encryption/create_asymmetric_key_pair.go:22.3,23.1 1 0
github.com/bruli-lab/stowmark/internal/domain/encryption/create_asymmetric_key_pair.go:24.2,24.86 1 3
github.com/bruli-lab/stowmark/internal/domain/encryption/create_asymmetric_key_pair.go:25.3,26.1 1 2
github.com/bruli-lab/stowmark/internal/domain/encryption/create_asymmetric_key_pair.go:27.2,27.79 1 1
github.com/bruli-lab/stowmark/internal/domain/encryption/create_asymmetric_key_pair.go:31.2,32.1 1 3
github.com/bruli-lab/stowmark/internal/domain/encryption/create_encryption_config.go:15.2,16.16 2 5
github.com/bruli-lab/stowmark/internal/domain/encryption/create_encryption_config.go:17.3,18.1 1 1
github.com/bruli-lab/stowmark/internal/domain/encryption/create_encryption_config.go:19.2,20.16 2 4
github.com/bruli-lab/stowmark/internal/domain/encryption/create_encryption_config.go:21.3,22.1 1 1
github.com/bruli-lab/stowmark/internal/domain/encryption/create_encryption_config.go:23.2,25.16 3 3
github.com/bruli-lab/stowmark/internal/domain/encryption/create_encryption_config.go:26.3,27.1 1 1
github.com/bruli-lab/stowmark/internal/domain/encryption/create_encryption_config.go:28.2,29.16 2 2
github.com/bruli-lab/stowmark/internal/domain/encryption/create_encryption_config.go:30.3,31.1 1 1
github.com/bruli-lab/stowmark/internal/domain/encryption/create_encryption_config.go:32.2,32.106 1 1
github.com/bruli-lab/stowmark/internal/domain/encryption/create_encryption_config.go:36.2,37.1 1 5
github.com/bruli-lab/stowmark/internal/domain/encryption/decrypt_symmetric_key.go:16.2,18.30 3 4
github.com/bruli-lab/stowmark/internal/domain/encryption/decrypt_symmetric_key.go:19.3,20.17 2 3
github.com/bruli-lab/stowmark/internal/domain/encryption/decrypt_symmetric_key.go:21.4,22.1 1 1
github.com/bruli-lab/stowmark/internal/domain/encryption/decrypt_symmetric_key.go:23.3,24.17 2 2
github.com/bruli-lab/stowmark/internal/domain/encryption/decrypt_symmetric_key.go:25.4,26.1 1 1
github.com/bruli-lab/stowmark/internal/domain/encryption/decrypt_symmetric_key.go:27.3,27.32 1 1
github.com/bruli-lab/stowmark/internal/domain/encryption/decrypt_symmetric_key.go:29.2,29.28 1 2
github.com/bruli-lab/stowmark/internal/domain/encryption/decrypt_symmetric_key.go:33.2,34.1 1 3
github.com/bruli-lab/stowmark/internal/domain/encryption/encryption_config.go:17.2,18.1 1 0
github.com/bruli-lab/stowmark/internal/domain/encryption/encryption_config.go:21.2,22.1 1 0
github.com/bruli-lab/stowmark/internal/domain/encryption/encryption_config.go:25.2,26.1 1 0
github.com/bruli-lab/stowmark/internal/domain/encryption/encryption_config.go:29.2,30.1 1 1
github.com/bruli-lab/stowmark/internal/domain/encryption/encryption_config.go:33.2,34.1 1 0
github.com/bruli-lab/stowmark/internal/domain/encryption/encryption_config.go:37.2,38.1 1 0
github.com/bruli-lab/stowmark/internal/domain/encryption/encryption_config.go:41.2,42.1 1 1
github.com/bruli-lab/stowmark/internal/domain/encryption/encryption_config.go:45.2,46.1 1 0
github.com/bruli-lab/stowmark/internal/domain/encryption/encryption_config.go:49.2,55.1 1 1
github.com/bruli-lab/stowmark/internal/domain/encryption/id.go:10.2,11.1 2 1
github.com/bruli-lab/stowmark/internal/domain/encryption/id.go:12.2,12.43 2 1
github.com/bruli-lab/stowmark/internal/domain/encryption/id.go:13.3,14.1 1 0
github.com/bruli-lab/stowmark/internal/domain/encryption/id.go:16.2,16.38 1 1
github.com/bruli-lab/stowmark/internal/domain/encryption/repositories_mock.go:110.2,110.38 1 3
github.com/bruli-lab/stowmark/internal/domain/encryption/repositories_mock.go:111.3,111.144 1 0
github.com/bruli-lab/stowmark/internal/domain/encryption/repositories_mock.go:113.2,121.1 5 3
github.com/bruli-lab/stowmark/internal/domain/encryption/repositories_mock.go:122.2,125.61 5 3
github.com/bruli-lab/stowmark/internal/domain/encryption/repositories_mock.go:137.2,141.1 5 0
github.com/bruli-lab/stowmark/internal/domain/encryption/repositories_mock.go:142.2,146.1 5 0
github.com/bruli-lab/stowmark/internal/domain/encryption/repositories_mock.go:150.2,150.37 1 1
github.com/bruli-lab/stowmark/internal/domain/encryption/repositories_mock.go:151.3,151.142 1 0
github.com/bruli-lab/stowmark/internal/domain/encryption/repositories_mock.go:153.2,161.1 5 1
github.com/bruli-lab/stowmark/internal/domain/encryption/repositories_mock.go:162.2,165.59 5 1
github.com/bruli-lab/stowmark/internal/domain/encryption/repositories_mock.go:177.2,181.1 5 0
github.com/bruli-lab/stowmark/internal/domain/encryption/repositories_mock.go:182.2,186.1 5 0
github.com/bruli-lab/stowmark/internal/domain/encryption/repositories_mock.go:190.2,190.42 1 2
github.com/bruli-lab/stowmark/internal/domain/encryption/repositories_mock.go:191.3,191.152 1 0
github.com/bruli-lab/stowmark/internal/domain/encryption/repositories_mock.go:193.2,199.1 5 2
github.com/bruli-lab/stowmark/internal/domain/encryption/repositories_mock.go:200.2,203.54 5 2
github.com/bruli-lab/stowmark/internal/domain/encryption/repositories_mock.go:214.2,217.1 5 0
github.com/bruli-lab/stowmark/internal/domain/encryption/repositories_mock.go:218.2,222.1 5 0
github.com/bruli-lab/stowmark/internal/domain/encryption/repositories_mock.go:226.2,226.39 1 3
github.com/bruli-lab/stowmark/internal/domain/encryption/repositories_mock.go:227.3,227.146 1 0
github.com/bruli-lab/stowmark/internal/domain/encryption/repositories_mock.go:229.2,235.1 5 3
github.com/bruli-lab/stowmark/internal/domain/encryption/repositories_mock.go:236.2,239.50 5 3
github.com/bruli-lab/stowmark/internal/domain/encryption/repositories_mock.go:250.2,253.1 5 0
github.com/bruli-lab/stowmark/internal/domain/encryption/repositories_mock.go:254.2,258.1 5 0
github.com/bruli-lab/stowmark/internal/domain/encryption/repositories_mock.go:262.2,262.38 1 5
github.com/bruli-lab/stowmark/internal/domain/encryption/repositories_mock.go:263.3,263.144 1 0
github.com/bruli-lab/stowmark/internal/domain/encryption/repositories_mock.go:265.2,271.1 5 5
github.com/bruli-lab/stowmark/internal/domain/encryption/repositories_mock.go:272.2,275.49 5 5
github.com/bruli-lab/stowmark/internal/domain/encryption/repositories_mock.go:286.2,289.1 5 0
github.com/bruli-lab/stowmark/internal/domain/encryption/repositories_mock.go:290.2,294.1 5 0
github.com/bruli-lab/stowmark/internal/domain/encryption/repositories_mock.go:364.2,364.50 1 2
github.com/bruli-lab/stowmark/internal/domain/encryption/repositories_mock.go:365.3,365.158 1 0
github.com/bruli-lab/stowmark/internal/domain/encryption/repositories_mock.go:367.2,375.1 5 2
github.com/bruli-lab/stowmark/internal/domain/encryption/repositories_mock.go:376.2,379.75 5 2
github.com/bruli-lab/stowmark/internal/domain/encryption/repositories_mock.go:391.2,395.1 5 0
github.com/bruli-lab/stowmark/internal/domain/encryption/repositories_mock.go:396.2,400.1 5 0
github.com/bruli-lab/stowmark/internal/domain/encryption/repositories_mock.go:404.2,404.41 1 3
github.com/bruli-lab/stowmark/internal/domain/encryption/repositories_mock.go:405.3,405.140 1 0
github.com/bruli-lab/stowmark/internal/domain/encryption/repositories_mock.go:407.2,415.1 5 3
github.com/bruli-lab/stowmark/internal/domain/encryption/repositories_mock.go:416.2,419.67 5 3
github.com/bruli-lab/stowmark/internal/domain/encryption/repositories_mock.go:431.2,435.1 5 0
github.com/bruli-lab/stowmark/internal/domain/encryption/repositories_mock.go:436.2,440.1 5 0
github.com/bruli-lab/stowmark/internal/domain/encryption/repositories_mock.go:444.2,444.42 1 4
github.com/bruli-lab/stowmark/internal/domain/encryption/repositories_mock.go:445.3,445.142 1 0
github.com/bruli-lab/stowmark/internal/domain/encryption/repositories_mock.go:447.2,451.1 5 4
github.com/bruli-lab/stowmark/internal/domain/encryption/repositories_mock.go:452.2,455.43 5 4
github.com/bruli-lab/stowmark/internal/domain/encryption/repositories_mock.go:465.2,467.1 5 0
github.com/bruli-lab/stowmark/internal/domain/encryption/repositories_mock.go:468.2,472.1 5 0
github.com/bruli-lab/stowmark/internal/app/create_snapshot.go:21.2,22.1 1 0
github.com/bruli-lab/stowmark/internal/app/create_snapshot.go:29.2,30.9 2 0
github.com/bruli-lab/stowmark/internal/app/create_snapshot.go:31.3,32.1 1 0
github.com/bruli-lab/stowmark/internal/app/create_snapshot.go:33.2,34.16 2 0
github.com/bruli-lab/stowmark/internal/app/create_snapshot.go:35.3,36.1 1 0
github.com/bruli-lab/stowmark/internal/app/create_snapshot.go:37.2,39.8 1 0
github.com/bruli-lab/stowmark/internal/app/create_snapshot.go:43.2,44.1 1 0
github.com/bruli-lab/stowmark/internal/app/create_snapshot.go:58.2,63.1 1 0
github.com/bruli-lab/stowmark/internal/app/generate_key.go:18.2,19.1 1 0
github.com/bruli-lab/stowmark/internal/app/generate_key.go:26.2,27.9 2 0
github.com/bruli-lab/stowmark/internal/app/generate_key.go:28.3,29.1 1 0
github.com/bruli-lab/stowmark/internal/app/generate_key.go:30.2,30.51 1 0
github.com/bruli-lab/stowmark/internal/app/generate_key.go:31.3,32.1 1 0
github.com/bruli-lab/stowmark/internal/app/generate_key.go:33.2,33.17 1 0
github.com/bruli-lab/stowmark/internal/app/generate_key.go:37.2,38.1 1 0
github.com/bruli-lab/stowmark/internal/app/init.go:20.2,21.1 1 0
github.com/bruli-lab/stowmark/internal/app/init.go:28.2,29.9 2 0
github.com/bruli-lab/stowmark/internal/app/init.go:30.3,31.1 1 0
github.com/bruli-lab/stowmark/internal/app/init.go:32.2,33.16 2 0
github.com/bruli-lab/stowmark/internal/app/init.go:34.3,35.1 1 0
github.com/bruli-lab/stowmark/internal/app/init.go:36.2,38.8 1 0
github.com/bruli-lab/stowmark/internal/app/init.go:42.2,43.1 1 0
github.com/bruli-lab/stowmark/internal/app/init.go:52.2,56.1 1 0
github.com/bruli-lab/stowmark/internal/app/logger_command_middleware.go:13.2,13.58 1 0
github.com/bruli-lab/stowmark/internal/app/logger_command_middleware.go:14.3,14.99 1 0
github.com/bruli-lab/stowmark/internal/app/logger_command_middleware.go:15.4,16.1 5 0
github.com/bruli-lab/stowmark/internal/app/logger_command_middleware.go:17.4,18.1 5 0
github.com/bruli-lab/stowmark/internal/app/logger_command_middleware.go:19.4,20.1 5 0
github.com/bruli-lab/stowmark/internal/app/logger_command_middleware.go:21.4,25.1 5 0
github.com/bruli-lab/stowmark/internal/app/logger_command_middleware.go:27.4,27.18 5 0
github.com/bruli-lab/stowmark/internal/app/logger_command_middleware.go:28.5,29.1 3 0
github.com/bruli-lab/stowmark/internal/app/logger_command_middleware.go:30.5,31.1 3 0
github.com/bruli-lab/stowmark/internal/app/logger_command_middleware.go:32.5,33.1 3 0
github.com/bruli-lab/stowmark/internal/app/logger_command_middleware.go:35.4,36.1 3 0
github.com/bruli-lab/stowmark/internal/app/logger_command_middleware.go:37.4,38.1 3 0
github.com/bruli-lab/stowmark/internal/app/logger_command_middleware.go:39.4,39.22 3 0
github.com/bruli-lab/stowmark/internal/app/logger_query_middleware.go:12.2,12.54 1 0
github.com/bruli-lab/stowmark/internal/app/logger_query_middleware.go:13.3,13.87 1 0
github.com/bruli-lab/stowmark/internal/app/logger_query_middleware.go:14.4,15.1 5 0
github.com/bruli-lab/stowmark/internal/app/logger_query_middleware.go:16.4,17.1 5 0
github.com/bruli-lab/stowmark/internal/app/logger_query_middleware.go:18.4,19.1 5 0
github.com/bruli-lab/stowmark/internal/app/logger_query_middleware.go:20.4,23.1 5 0
github.com/bruli-lab/stowmark/internal/app/logger_query_middleware.go:25.4,25.18 5 0
github.com/bruli-lab/stowmark/internal/app/logger_query_middleware.go:26.5,27.1 3 0
github.com/bruli-lab/stowmark/internal/app/logger_query_middleware.go:28.5,29.1 3 0
github.com/bruli-lab/stowmark/internal/app/logger_query_middleware.go:30.5,31.1 3 0
github.com/bruli-lab/stowmark/internal/app/logger_query_middleware.go:33.4,34.1 3 0
github.com/bruli-lab/stowmark/internal/app/logger_query_middleware.go:35.4,36.1 3 0
github.com/bruli-lab/stowmark/internal/app/logger_query_middleware.go:37.4,37.22 3 0
github.com/bruli-lab/stowmark/internal/app/manifest_get.go:17.2,18.1 1 0
github.com/bruli-lab/stowmark/internal/app/manifest_get.go:25.2,26.9 2 0
github.com/bruli-lab/stowmark/internal/app/manifest_get.go:27.3,28.1 1 0
github.com/bruli-lab/stowmark/internal/app/manifest_get.go:29.2,29.37 1 0
github.com/bruli-lab/stowmark/internal/app/manifest_get.go:33.2,34.1 1 0
github.com/bruli-lab/stowmark/internal/app/meter_command_middleware.go:15.2,17.16 3 0
github.com/bruli-lab/stowmark/internal/app/meter_command_middleware.go:18.3,19.1 1 0
github.com/bruli-lab/stowmark/internal/app/meter_command_middleware.go:20.2,20.58 1 0
github.com/bruli-lab/stowmark/internal/app/meter_command_middleware.go:21.3,22.70 1 0
github.com/bruli-lab/stowmark/internal/app/meter_command_middleware.go:23.5,24.1 4 0
github.com/bruli-lab/stowmark/internal/app/meter_command_middleware.go:25.5,26.1 4 0
github.com/bruli-lab/stowmark/internal/app/meter_command_middleware.go:27.5,28.19 4 0
github.com/bruli-lab/stowmark/internal/app/meter_command_middleware.go:29.6,30.1 1 0
github.com/bruli-lab/stowmark/internal/app/meter_command_middleware.go:32.5,37.1 4 0
github.com/bruli-lab/stowmark/internal/app/meter_command_middleware.go:38.5,39.1 4 0
github.com/bruli-lab/stowmark/internal/app/meter_command_middleware.go:40.5,41.1 4 0
github.com/bruli-lab/stowmark/internal/app/meter_command_middleware.go:42.5,42.24 4 0
github.com/bruli-lab/stowmark/internal/app/meter_command_middleware.go:43.6,46.1 1 0
github.com/bruli-lab/stowmark/internal/app/meter_command_middleware.go:48.5,48.23 1 0
github.com/bruli-lab/stowmark/internal/app/meter_query_middleware.go:15.2,16.1 3 0
github.com/bruli-lab/stowmark/internal/app/meter_query_middleware.go:17.2,18.16 3 0
github.com/bruli-lab/stowmark/internal/app/meter_query_middleware.go:19.3,20.1 1 0
github.com/bruli-lab/stowmark/internal/app/meter_query_middleware.go:22.2,22.54 1 0
github.com/bruli-lab/stowmark/internal/app/meter_query_middleware.go:23.3,24.60 1 0
github.com/bruli-lab/stowmark/internal/app/meter_query_middleware.go:25.5,26.1 4 0
github.com/bruli-lab/stowmark/internal/app/meter_query_middleware.go:27.5,28.1 4 0
github.com/bruli-lab/stowmark/internal/app/meter_query_middleware.go:29.5,30.19 4 0
github.com/bruli-lab/stowmark/internal/app/meter_query_middleware.go:31.6,32.1 1 0
github.com/bruli-lab/stowmark/internal/app/meter_query_middleware.go:34.5,39.1 4 0
github.com/bruli-lab/stowmark/internal/app/meter_query_middleware.go:40.5,41.1 4 0
github.com/bruli-lab/stowmark/internal/app/meter_query_middleware.go:42.5,43.1 4 0
github.com/bruli-lab/stowmark/internal/app/meter_query_middleware.go:44.5,44.23 4 0
github.com/bruli-lab/stowmark/internal/app/rekey_key.go:21.2,22.1 1 0
github.com/bruli-lab/stowmark/internal/app/rekey_key.go:29.2,30.9 2 0
github.com/bruli-lab/stowmark/internal/app/rekey_key.go:31.3,32.1 1 0
github.com/bruli-lab/stowmark/internal/app/rekey_key.go:33.2,33.83 1 0
github.com/bruli-lab/stowmark/internal/app/rekey_key.go:37.2,38.1 1 0
github.com/bruli-lab/stowmark/internal/app/restore_file.go:19.2,20.1 1 0
github.com/bruli-lab/stowmark/internal/app/restore_file.go:27.2,28.9 2 0
github.com/bruli-lab/stowmark/internal/app/restore_file.go:29.3,30.1 1 0
github.com/bruli-lab/stowmark/internal/app/restore_file.go:31.2,31.118 1 0
github.com/bruli-lab/stowmark/internal/app/restore_file.go:35.2,36.1 1 0
github.com/bruli-lab/stowmark/internal/app/restore_snapshot.go:22.2,23.1 1 0
github.com/bruli-lab/stowmark/internal/app/restore_snapshot.go:30.2,31.9 2 0
github.com/bruli-lab/stowmark/internal/app/restore_snapshot.go:32.3,33.1 1 0
github.com/bruli-lab/stowmark/internal/app/restore_snapshot.go:34.2,35.16 2 0
github.com/bruli-lab/stowmark/internal/app/restore_snapshot.go:36.3,37.1 1 0
github.com/bruli-lab/stowmark/internal/app/restore_snapshot.go:38.2,39.36 2 0
github.com/bruli-lab/stowmark/internal/app/restore_snapshot.go:40.3,43.1 1 0
github.com/bruli-lab/stowmark/internal/app/restore_snapshot.go:45.2,47.8 1 0
github.com/bruli-lab/stowmark/internal/app/restore_snapshot.go:51.2,52.1 1 0
github.com/bruli-lab/stowmark/internal/app/restore_snapshot.go:67.2,73.1 1 0
github.com/bruli-lab/stowmark/internal/app/rewrap_key.go:22.2,23.1 1 0
github.com/bruli-lab/stowmark/internal/app/rewrap_key.go:30.2,31.9 2 0
github.com/bruli-lab/stowmark/internal/app/rewrap_key.go:32.3,33.1 1 0
github.com/bruli-lab/stowmark/internal/app/rewrap_key.go:34.2,34.81 1 0
github.com/bruli-lab/stowmark/internal/app/rewrap_key.go:38.2,39.1 1 0
github.com/bruli-lab/stowmark/internal/app/snapshost_list.go:15.2,16.1 1 0
github.com/bruli-lab/stowmark/internal/app/snapshost_list.go:23.2,24.1 1 0
github.com/bruli-lab/stowmark/internal/app/snapshost_list.go:27.2,28.1 1 0
github.com/bruli-lab/stowmark/internal/app/tracer_command_middleware.go:15.2,16.58 2 0
github.com/bruli-lab/stowmark/internal/app/tracer_command_middleware.go:17.3,17.99 1 0
github.com/bruli-lab/stowmark/internal/app/tracer_command_middleware.go:18.4,21.18 4 0
github.com/bruli-lab/stowmark/internal/app/tracer_command_middleware.go:22.5,24.1 2 0
github.com/bruli-lab/stowmark/internal/app/tracer_command_middleware.go:25.4,25.22 1 0
github.com/bruli-lab/stowmark/internal/app/tracer_query_middleware.go:12.2,13.54 2 0
github.com/bruli-lab/stowmark/internal/app/tracer_query_middleware.go:14.3,14.87 1 0
github.com/bruli-lab/stowmark/internal/app/tracer_query_middleware.go:15.4,18.18 4 0
github.com/bruli-lab/stowmark/internal/app/tracer_query_middleware.go:19.5,21.1 2 0
github.com/bruli-lab/stowmark/internal/app/tracer_query_middleware.go:22.4,22.22 1 0
github.com/bruli-lab/stowmark/internal/app/verify_snapshot.go:19.2,20.1 1 0
github.com/bruli-lab/stowmark/internal/app/verify_snapshot.go:27.2,28.9 2 0
github.com/bruli-lab/stowmark/internal/app/verify_snapshot.go:29.3,30.1 1 0
github.com/bruli-lab/stowmark/internal/app/verify_snapshot.go:31.2,31.76 1 0
github.com/bruli-lab/stowmark/internal/app/verify_snapshot.go:35.2,36.1 1 0
github.com/bruli-lab/stowmark/cmd/cli/main.go:11.2,11.38 1 0
github.com/bruli-lab/stowmark/cmd/cli/main.go:12.3,14.1 2 0
github.com/bruli-lab/stowmark/internal/config/gcs_config.go:15.2,17.57 3 4
github.com/bruli-lab/stowmark/internal/config/gcs_config.go:18.3,22.1 1 2
github.com/bruli-lab/stowmark/internal/config/gcs_config.go:23.2,23.13 1 4
github.com/bruli-lab/stowmark/internal/config/observability_config.go:13.2,16.1 3 2
github.com/bruli-lab/stowmark/internal/config/s3_config.go:14.2,15.40 2 4
github.com/bruli-lab/stowmark/internal/config/s3_config.go:16.3,17.1 1 2
github.com/bruli-lab/stowmark/internal/config/s3_config.go:18.2,18.18 1 2
github.com/bruli-lab/stowmark/internal/config/smb_config.go:10.2,11.83 2 3
github.com/bruli-lab/stowmark/internal/config/smb_config.go:12.3,13.1 1 2
github.com/bruli-lab/stowmark/internal/config/smb_config.go:14.2,14.18 1 1
github.com/bruli-lab/stowmark/internal/config/ssh_config.go:12.2,13.83 2 3
github.com/bruli-lab/stowmark/internal/config/ssh_config.go:14.3,15.1 1 2
github.com/bruli-lab/stowmark/internal/config/ssh_config.go:16.2,16.18 1 1
github.com/bruli-lab/stowmark/internal/config/webdav_config.go:11.2,12.1 2 3
github.com/bruli-lab/stowmark/internal/config/webdav_config.go:13.2,13.83 2 3
github.com/bruli-lab/stowmark/internal/config/webdav_config.go:14.3,15.1 1 2
github.com/bruli-lab/stowmark/internal/config/webdav_config.go:16.2,16.18 1 1
github.com/bruli-lab/stowmark/internal/domain/repository/compression.go:43.2,44.1 1 4
github.com/bruli-lab/stowmark/internal/domain/repository/compression.go:47.2,48.9 2 5
github.com/bruli-lab/stowmark/internal/domain/repository/compression.go:49.3,50.1 1 1
github.com/bruli-lab/stowmark/internal/domain/repository/compression.go:51.2,51.17 1 4
github.com/bruli-lab/stowmark/internal/domain/repository/compression.go:60.2,61.1 1 6
github.com/bruli-lab/stowmark/internal/domain/repository/compression.go:64.2,65.1 1 6
github.com/bruli-lab/stowmark/internal/domain/repository/compression.go:68.2,68.20 1 18
github.com/bruli-lab/stowmark/internal/domain/repository/compression.go:70.3,70.21 1 3
github.com/bruli-lab/stowmark/internal/domain/repository/compression.go:71.4,72.1 1 1
github.com/bruli-lab/stowmark/internal/domain/repository/compression.go:73.3,73.65 1 3
github.com/bruli-lab/stowmark/internal/domain/repository/compression.go:74.4,75.1 1 1
github.com/bruli-lab/stowmark/internal/domain/repository/compression.go:77.3,77.21 1 2
github.com/bruli-lab/stowmark/internal/domain/repository/compression.go:78.4,79.1 1 1
github.com/bruli-lab/stowmark/internal/domain/repository/compression.go:80.3,80.65 1 2
github.com/bruli-lab/stowmark/internal/domain/repository/compression.go:81.4,82.1 1 1
github.com/bruli-lab/stowmark/internal/domain/repository/compression.go:84.3,84.21 1 2
github.com/bruli-lab/stowmark/internal/domain/repository/compression.go:85.4,86.1 1 1
github.com/bruli-lab/stowmark/internal/domain/repository/compression.go:87.3,87.63 1 2
github.com/bruli-lab/stowmark/internal/domain/repository/compression.go:88.4,89.1 1 1
github.com/bruli-lab/stowmark/internal/domain/repository/compression.go:91.3,91.16 1 11
github.com/bruli-lab/stowmark/internal/domain/repository/compression.go:93.2,93.12 1 15
github.com/bruli-lab/stowmark/internal/domain/repository/compression.go:97.2,98.40 2 18
github.com/bruli-lab/stowmark/internal/domain/repository/compression.go:99.3,100.1 1 3
github.com/bruli-lab/stowmark/internal/domain/repository/compression.go:101.2,101.19 1 15
github.com/bruli-lab/stowmark/internal/domain/repository/config.go:19.2,20.1 1 32
github.com/bruli-lab/stowmark/internal/domain/repository/config.go:23.2,24.1 1 0
github.com/bruli-lab/stowmark/internal/domain/repository/config.go:27.2,28.1 1 8
github.com/bruli-lab/stowmark/internal/domain/repository/config.go:31.2,32.1 1 0
github.com/bruli-lab/stowmark/internal/domain/repository/config.go:35.2,36.1 1 0
github.com/bruli-lab/stowmark/internal/domain/repository/config.go:44.2,50.1 1 16
github.com/bruli-lab/stowmark/internal/domain/repository/error.go:10.2,11.1 1 0
github.com/bruli-lab/stowmark/internal/domain/repository/error.go:14.2,15.1 1 0
github.com/bruli-lab/stowmark/internal/domain/repository/folder_repository_mock.go:93.2,93.34 1 6
github.com/bruli-lab/stowmark/internal/domain/repository/folder_repository_mock.go:94.3,94.114 1 0
github.com/bruli-lab/stowmark/internal/domain/repository/folder_repository_mock.go:96.2,104.1 5 6
github.com/bruli-lab/stowmark/internal/domain/repository/folder_repository_mock.go:105.2,108.44 5 6
github.com/bruli-lab/stowmark/internal/domain/repository/folder_repository_mock.go:120.2,124.1 5 0
github.com/bruli-lab/stowmark/internal/domain/repository/folder_repository_mock.go:125.2,129.1 5 0
github.com/bruli-lab/stowmark/internal/domain/repository/folder_repository_mock.go:133.2,133.34 1 11
github.com/bruli-lab/stowmark/internal/domain/repository/folder_repository_mock.go:134.3,134.114 1 0
github.com/bruli-lab/stowmark/internal/domain/repository/folder_repository_mock.go:136.2,142.1 5 11
github.com/bruli-lab/stowmark/internal/domain/repository/folder_repository_mock.go:143.2,146.41 5 11
github.com/bruli-lab/stowmark/internal/domain/repository/folder_repository_mock.go:157.2,160.1 5 11
github.com/bruli-lab/stowmark/internal/domain/repository/folder_repository_mock.go:161.2,165.1 5 11
github.com/bruli-lab/stowmark/internal/domain/repository/folder_repository_mock.go:169.2,169.28 1 7
github.com/bruli-lab/stowmark/internal/domain/repository/folder_repository_mock.go:170.3,170.102 1 0
github.com/bruli-lab/stowmark/internal/domain/repository/folder_repository_mock.go:172.2,178.1 5 7
github.com/bruli-lab/stowmark/internal/domain/repository/folder_repository_mock.go:179.2,182.35 5 7
github.com/bruli-lab/stowmark/internal/domain/repository/folder_repository_mock.go:193.2,196.1 5 0
github.com/bruli-lab/stowmark/internal/domain/repository/folder_repository_mock.go:197.2,201.1 5 0
github.com/bruli-lab/stowmark/internal/domain/repository/folder_repository_mock.go:205.2,205.31 1 12
github.com/bruli-lab/stowmark/internal/domain/repository/folder_repository_mock.go:206.3,206.108 1 0
github.com/bruli-lab/stowmark/internal/domain/repository/folder_repository_mock.go:208.2,214.1 5 12
github.com/bruli-lab/stowmark/internal/domain/repository/folder_repository_mock.go:215.2,218.38 5 12
github.com/bruli-lab/stowmark/internal/domain/repository/folder_repository_mock.go:229.2,232.1 5 0
github.com/bruli-lab/stowmark/internal/domain/repository/folder_repository_mock.go:233.2,237.1 5 0
github.com/bruli-lab/stowmark/internal/domain/repository/format_version.go:6.2,7.1 1 0
github.com/bruli-lab/stowmark/internal/domain/repository/format_version.go:16.2,17.1 2 3
github.com/bruli-lab/stowmark/internal/domain/repository/format_version.go:18.2,18.66 2 3
github.com/bruli-lab/stowmark/internal/domain/repository/format_version.go:19.3,20.1 1 1
github.com/bruli-lab/stowmark/internal/domain/repository/format_version.go:22.2,22.16 1 3
github.com/bruli-lab/stowmark/internal/domain/repository/get_config.go:10.2,11.1 1 0
github.com/bruli-lab/stowmark/internal/domain/repository/get_config.go:14.2,15.1 1 0
github.com/bruli-lab/stowmark/internal/domain/repository/init.go:17.2,18.16 2 7
github.com/bruli-lab/stowmark/internal/domain/repository/init.go:19.3,20.1 1 1
github.com/bruli-lab/stowmark/internal/domain/repository/init.go:21.2,22.59 2 6
github.com/bruli-lab/stowmark/internal/domain/repository/init.go:23.3,24.1 1 1
github.com/bruli-lab/stowmark/internal/domain/repository/init.go:25.2,26.12 2 5
github.com/bruli-lab/stowmark/internal/domain/repository/init.go:27.3,28.17 2 4
github.com/bruli-lab/stowmark/internal/domain/repository/init.go:29.4,30.1 1 1
github.com/bruli-lab/stowmark/internal/domain/repository/init.go:31.3,31.57 1 3
github.com/bruli-lab/stowmark/internal/domain/repository/init.go:33.2,33.65 1 4
github.com/bruli-lab/stowmark/internal/domain/repository/init.go:34.3,35.1 1 1
github.com/bruli-lab/stowmark/internal/domain/repository/init.go:36.2,36.68 1 3
github.com/bruli-lab/stowmark/internal/domain/repository/init.go:37.3,38.1 1 1
github.com/bruli-lab/stowmark/internal/domain/repository/init.go:39.2,39.70 1 2
github.com/bruli-lab/stowmark/internal/domain/repository/init.go:40.3,41.1 1 1
github.com/bruli-lab/stowmark/internal/domain/repository/init.go:42.2,43.20 2 1
github.com/bruli-lab/stowmark/internal/domain/repository/init.go:47.2,48.1 1 7
github.com/bruli-lab/stowmark/internal/domain/repository/init.go:55.2,56.1 1 0
github.com/bruli-lab/stowmark/internal/domain/repository/init.go:59.2,60.1 1 0
github.com/bruli-lab/stowmark/internal/domain/repository/repository.go:25.2,26.1 1 18
github.com/bruli-lab/stowmark/internal/domain/repository/repository.go:29.2,30.1 1 5
github.com/bruli-lab/stowmark/internal/domain/repository/repository.go:33.2,34.1 1 2
github.com/bruli-lab/stowmark/internal/domain/repository/repository.go:37.2,38.1 1 3
github.com/bruli-lab/stowmark/internal/domain/repository/repository.go:41.2,41.9 1 4
github.com/bruli-lab/stowmark/internal/domain/repository/repository.go:43.3,43.34 1 1
github.com/bruli-lab/stowmark/internal/domain/repository/repository.go:45.3,45.37 1 1
github.com/bruli-lab/stowmark/internal/domain/repository/repository.go:46.10,46.10 0 2
github.com/bruli-lab/stowmark/internal/domain/repository/repository.go:48.2,48.12 1 2
github.com/bruli-lab/stowmark/internal/domain/repository/repository.go:52.2,53.37 2 4
github.com/bruli-lab/stowmark/internal/domain/repository/repository.go:54.3,55.1 1 2
github.com/bruli-lab/stowmark/internal/domain/repository/repository.go:56.2,56.16 1 2
github.com/bruli-lab/stowmark/internal/domain/repository/repository_type.go:22.2,23.29 2 10
github.com/bruli-lab/stowmark/internal/domain/repository/repository_type.go:24.3,25.1 1 1
github.com/bruli-lab/stowmark/internal/domain/repository/repository_type.go:26.2,26.18 1 9
github.com/bruli-lab/stowmark/internal/domain/repository/repository_type.go:28.3,28.18 1 1
github.com/bruli-lab/stowmark/internal/domain/repository/repository_type.go:30.3,30.18 1 1
github.com/bruli-lab/stowmark/internal/domain/repository/repository_type.go:32.3,32.17 1 1
github.com/bruli-lab/stowmark/internal/domain/repository/repository_type.go:34.3,34.21 1 4
github.com/bruli-lab/stowmark/internal/domain/repository/repository_type.go:36.3,36.18 1 1
github.com/bruli-lab/stowmark/internal/domain/repository/repository_type.go:38.3,38.20 1 1
github.com/bruli-lab/stowmark/internal/domain/repository/rewrap.go:17.2,18.16 2 8
github.com/bruli-lab/stowmark/internal/domain/repository/rewrap.go:19.3,20.1 1 1
github.com/bruli-lab/stowmark/internal/domain/repository/rewrap.go:21.2,22.16 2 7
github.com/bruli-lab/stowmark/internal/domain/repository/rewrap.go:23.3,24.1 1 1
github.com/bruli-lab/stowmark/internal/domain/repository/rewrap.go:25.2,26.16 2 6
github.com/bruli-lab/stowmark/internal/domain/repository/rewrap.go:27.3,28.1 1 1
github.com/bruli-lab/stowmark/internal/domain/repository/rewrap.go:29.2,30.16 2 5
github.com/bruli-lab/stowmark/internal/domain/repository/rewrap.go:31.3,32.1 1 1
github.com/bruli-lab/stowmark/internal/domain/repository/rewrap.go:33.2,34.16 2 4
github.com/bruli-lab/stowmark/internal/domain/repository/rewrap.go:35.3,36.1 1 1
github.com/bruli-lab/stowmark/internal/domain/repository/rewrap.go:37.2,38.16 2 3
github.com/bruli-lab/stowmark/internal/domain/repository/rewrap.go:39.3,40.1 1 1
github.com/bruli-lab/stowmark/internal/domain/repository/rewrap.go:41.2,43.67 3 2
github.com/bruli-lab/stowmark/internal/domain/repository/rewrap.go:51.2,52.1 1 8
github.com/bruli-lab/stowmark/internal/domain/repository/update_config.go:6.2,7.9 2 7
github.com/bruli-lab/stowmark/internal/domain/repository/update_config.go:9.3,10.42 2 1
github.com/bruli-lab/stowmark/internal/domain/repository/update_config.go:12.3,13.41 2 1
github.com/bruli-lab/stowmark/internal/domain/repository/update_config.go:15.3,15.41 1 1
github.com/bruli-lab/stowmark/internal/domain/repository/update_config.go:17.3,17.42 1 4
github.com/bruli-lab/stowmark/internal/domain/repository/update_config.go:19.2,19.98 1 7
github.com/bruli-lab/stowmark/internal/fixtures/repository.go:19.2,24.1 5 0
github.com/bruli-lab/stowmark/internal/fixtures/repository.go:33.2,39.1 6 0
github.com/bruli-lab/stowmark/internal/fixtures/snapshot.go:18.2,21.1 3 0
github.com/bruli-lab/stowmark/internal/fixtures/snapshot.go:31.2,37.1 6 0
github.com/bruli-lab/stowmark/internal/fixtures/snapshot.go:48.2,53.1 5 0
github.com/bruli-lab/stowmark/internal/domain/snapshot/chunk.go:15.2,16.1 1 13
github.com/bruli-lab/stowmark/internal/domain/snapshot/chunk.go:19.2,20.1 1 3
github.com/bruli-lab/stowmark/internal/domain/snapshot/chunk.go:23.2,24.1 1 3
github.com/bruli-lab/stowmark/internal/domain/snapshot/chunk.go:27.2,31.1 1 11
github.com/bruli-lab/stowmark/internal/domain/snapshot/context_reader.go:14.2,14.36 1 0
github.com/bruli-lab/stowmark/internal/domain/snapshot/context_reader.go:15.3,16.1 1 0
github.com/bruli-lab/stowmark/internal/domain/snapshot/context_reader.go:18.2,18.28 1 0
github.com/bruli-lab/stowmark/internal/domain/snapshot/create.go:30.2,31.16 2 14
github.com/bruli-lab/stowmark/internal/domain/snapshot/create.go:32.3,33.1 1 1
github.com/bruli-lab/stowmark/internal/domain/snapshot/create.go:35.2,36.16 2 13
github.com/bruli-lab/stowmark/internal/domain/snapshot/create.go:37.3,38.1 1 0
github.com/bruli-lab/stowmark/internal/domain/snapshot/create.go:40.2,41.16 2 13
github.com/bruli-lab/stowmark/internal/domain/snapshot/create.go:42.3,43.1 1 1
github.com/bruli-lab/stowmark/internal/domain/snapshot/create.go:45.2,46.1 3 12
github.com/bruli-lab/stowmark/internal/domain/snapshot/create.go:47.2,48.16 3 12
github.com/bruli-lab/stowmark/internal/domain/snapshot/create.go:49.3,50.1 1 2
github.com/bruli-lab/stowmark/internal/domain/snapshot/create.go:51.2,52.28 2 10
github.com/bruli-lab/stowmark/internal/domain/snapshot/create.go:53.3,54.1 1 1
github.com/bruli-lab/stowmark/internal/domain/snapshot/create.go:56.2,57.1 3 10
github.com/bruli-lab/stowmark/internal/domain/snapshot/create.go:58.2,59.18 3 10
github.com/bruli-lab/stowmark/internal/domain/snapshot/create.go:60.3,61.1 1 0
github.com/bruli-lab/stowmark/internal/domain/snapshot/create.go:62.2,62.26 1 10
github.com/bruli-lab/stowmark/internal/domain/snapshot/create.go:63.3,64.1 1 10
github.com/bruli-lab/stowmark/internal/domain/snapshot/create.go:65.2,65.17 1 10
github.com/bruli-lab/stowmark/internal/domain/snapshot/create.go:66.3,67.1 1 0
github.com/bruli-lab/stowmark/internal/domain/snapshot/create.go:69.2,71.1 5 10
github.com/bruli-lab/stowmark/internal/domain/snapshot/create.go:72.2,77.1 5 10
github.com/bruli-lab/stowmark/internal/domain/snapshot/create.go:78.2,79.1 5 10
github.com/bruli-lab/stowmark/internal/domain/snapshot/create.go:80.2,80.19 5 10
github.com/bruli-lab/stowmark/internal/domain/snapshot/create.go:81.3,82.26 2 10
github.com/bruli-lab/stowmark/internal/domain/snapshot/create.go:83.4,84.1 3 10
github.com/bruli-lab/stowmark/internal/domain/snapshot/create.go:85.4,86.18 3 10
github.com/bruli-lab/stowmark/internal/domain/snapshot/create.go:87.5,88.1 1 9
github.com/bruli-lab/stowmark/internal/domain/snapshot/create.go:89.4,89.18 1 10
github.com/bruli-lab/stowmark/internal/domain/snapshot/create.go:90.5,91.24 2 5
github.com/bruli-lab/stowmark/internal/domain/snapshot/create.go:92.6,94.1 2 5
github.com/bruli-lab/stowmark/internal/domain/snapshot/create.go:95.5,96.13 2 5
github.com/bruli-lab/stowmark/internal/domain/snapshot/create.go:99.4,100.30 2 5
github.com/bruli-lab/stowmark/internal/domain/snapshot/create.go:104.2,105.31 2 10
github.com/bruli-lab/stowmark/internal/domain/snapshot/create.go:106.3,107.1 1 10
github.com/bruli-lab/stowmark/internal/domain/snapshot/create.go:109.1,110.23 1 10
github.com/bruli-lab/stowmark/internal/domain/snapshot/create.go:111.3,111.10 1 10
github.com/bruli-lab/stowmark/internal/domain/snapshot/create.go:112.21,112.21 0 10
github.com/bruli-lab/stowmark/internal/domain/snapshot/create.go:114.4,114.14 1 0
github.com/bruli-lab/stowmark/internal/domain/snapshot/create.go:117.2,119.1 3 10
github.com/bruli-lab/stowmark/internal/domain/snapshot/create.go:120.2,120.21 3 10
github.com/bruli-lab/stowmark/internal/domain/snapshot/create.go:121.3,122.1 1 5
github.com/bruli-lab/stowmark/internal/domain/snapshot/create.go:124.2,125.1 2 5
github.com/bruli-lab/stowmark/internal/domain/snapshot/create.go:126.2,126.59 2 5
github.com/bruli-lab/stowmark/internal/domain/snapshot/create.go:127.3,128.1 1 1
github.com/bruli-lab/stowmark/internal/domain/snapshot/create.go:130.2,130.78 1 4
github.com/bruli-lab/stowmark/internal/domain/snapshot/create.go:134.2,134.29 1 9
github.com/bruli-lab/stowmark/internal/domain/snapshot/create.go:135.3,136.1 1 4
github.com/bruli-lab/stowmark/internal/domain/snapshot/create.go:138.2,138.38 1 5
github.com/bruli-lab/stowmark/internal/domain/snapshot/create.go:139.3,139.85 1 5
github.com/bruli-lab/stowmark/internal/domain/snapshot/create.go:140.4,141.1 1 2
github.com/bruli-lab/stowmark/internal/domain/snapshot/create.go:144.2,144.12 1 3
github.com/bruli-lab/stowmark/internal/domain/snapshot/create.go:148.2,148.9 1 12
github.com/bruli-lab/stowmark/internal/domain/snapshot/create.go:150.3,150.50 1 1
github.com/bruli-lab/stowmark/internal/domain/snapshot/create.go:152.3,153.17 2 2
github.com/bruli-lab/stowmark/internal/domain/snapshot/create.go:154.4,155.1 1 1
github.com/bruli-lab/stowmark/internal/domain/snapshot/create.go:156.3,156.25 1 1
github.com/bruli-lab/stowmark/internal/domain/snapshot/create.go:157.10,157.10 0 9
github.com/bruli-lab/stowmark/internal/domain/snapshot/create.go:159.2,159.17 1 9
github.com/bruli-lab/stowmark/internal/domain/snapshot/create.go:163.2,164.16 2 4
github.com/bruli-lab/stowmark/internal/domain/snapshot/create.go:165.3,166.1 1 1
github.com/bruli-lab/stowmark/internal/domain/snapshot/create.go:168.2,168.12 1 3
github.com/bruli-lab/stowmark/internal/domain/snapshot/create.go:169.3,170.1 1 2
github.com/bruli-lab/stowmark/internal/domain/snapshot/create.go:172.2,172.70 1 1
github.com/bruli-lab/stowmark/internal/domain/snapshot/create.go:176.2,177.16 2 5
github.com/bruli-lab/stowmark/internal/domain/snapshot/create.go:178.3,179.1 1 1
github.com/bruli-lab/stowmark/internal/domain/snapshot/create.go:181.2,181.12 1 4
github.com/bruli-lab/stowmark/internal/domain/snapshot/create.go:182.3,183.1 1 1
github.com/bruli-lab/stowmark/internal/domain/snapshot/create.go:185.2,185.122 1 3
github.com/bruli-lab/stowmark/internal/domain/snapshot/create.go:195.2,196.1 1 14
github.com/bruli-lab/stowmark/internal/domain/snapshot/create.go:206.2,214.1 1 14
github.com/bruli-lab/stowmark/internal/domain/snapshot/create_result.go:10.2,11.1 1 4
github.com/bruli-lab/stowmark/internal/domain/snapshot/create_result.go:14.2,15.1 1 4
github.com/bruli-lab/stowmark/internal/domain/snapshot/create_result.go:18.2,19.1 1 4
github.com/bruli-lab/stowmark/internal/domain/snapshot/create_result.go:22.2,23.1 1 4
github.com/bruli-lab/stowmark/internal/domain/snapshot/error.go:10.2,11.1 1 4
github.com/bruli-lab/stowmark/internal/domain/snapshot/error.go:14.2,15.1 1 0
github.com/bruli-lab/stowmark/internal/domain/snapshot/file.go:13.2,14.1 1 40
github.com/bruli-lab/stowmark/internal/domain/snapshot/file.go:17.2,18.1 1 20
github.com/bruli-lab/stowmark/internal/domain/snapshot/file.go:21.2,22.1 1 6
github.com/bruli-lab/stowmark/internal/domain/snapshot/file.go:25.2,26.1 1 11
github.com/bruli-lab/stowmark/internal/domain/snapshot/file.go:29.2,30.1 1 26
github.com/bruli-lab/stowmark/internal/domain/snapshot/file.go:33.2,34.1 1 7
github.com/bruli-lab/stowmark/internal/domain/snapshot/file.go:37.2,38.1 1 2
github.com/bruli-lab/stowmark/internal/domain/snapshot/file.go:41.2,45.1 4 28
github.com/bruli-lab/stowmark/internal/domain/snapshot/file.go:48.2,49.1 1 0
github.com/bruli-lab/stowmark/internal/domain/snapshot/get_manifest.go:10.2,11.1 1 0
github.com/bruli-lab/stowmark/internal/domain/snapshot/get_manifest.go:14.2,15.1 1 0
github.com/bruli-lab/stowmark/internal/domain/snapshot/hash_calculator_factory.go:21.2,22.9 2 20
github.com/bruli-lab/stowmark/internal/domain/snapshot/hash_calculator_factory.go:23.3,24.1 1 1
github.com/bruli-lab/stowmark/internal/domain/snapshot/hash_calculator_factory.go:25.2,25.17 1 19
github.com/bruli-lab/stowmark/internal/domain/snapshot/hash_calculator_factory.go:29.2,32.1 2 21
github.com/bruli-lab/stowmark/internal/domain/snapshot/hash_calculator_factory.go:33.2,35.1 2 21
github.com/bruli-lab/stowmark/internal/domain/snapshot/hash_calculator_factory.go:43.2,44.16 2 6
github.com/bruli-lab/stowmark/internal/domain/snapshot/hash_calculator_factory.go:45.3,46.1 1 1
github.com/bruli-lab/stowmark/internal/domain/snapshot/hash_calculator_factory.go:47.2,48.18 2 5
github.com/bruli-lab/stowmark/internal/domain/snapshot/hash_calculator_factory.go:52.2,53.1 1 21
github.com/bruli-lab/stowmark/internal/domain/snapshot/hash_calculator_factory.go:60.2,62.9 3 10
github.com/bruli-lab/stowmark/internal/domain/snapshot/hash_calculator_factory.go:64.3,65.17 2 2
github.com/bruli-lab/stowmark/internal/domain/snapshot/hash_calculator_factory.go:66.4,67.1 1 1
github.com/bruli-lab/stowmark/internal/domain/snapshot/hash_calculator_factory.go:68.3,68.17 1 1
github.com/bruli-lab/stowmark/internal/domain/snapshot/hash_calculator_factory.go:70.3,71.17 2 8
github.com/bruli-lab/stowmark/internal/domain/snapshot/hash_calculator_factory.go:72.4,73.1 1 2
github.com/bruli-lab/stowmark/internal/domain/snapshot/hash_calculator_factory.go:74.3,75.21 2 6
github.com/bruli-lab/stowmark/internal/domain/snapshot/hash_calculator_factory.go:77.2,78.18 2 7
github.com/bruli-lab/stowmark/internal/domain/snapshot/hash_calculator_factory.go:82.2,83.1 1 21
github.com/bruli-lab/stowmark/internal/domain/snapshot/id.go:10.2,12.1 3 5
github.com/bruli-lab/stowmark/internal/domain/snapshot/id.go:13.2,14.1 3 5
github.com/bruli-lab/stowmark/internal/domain/snapshot/listing.go:10.2,11.16 2 0
github.com/bruli-lab/stowmark/internal/domain/snapshot/listing.go:12.3,13.1 1 0
github.com/bruli-lab/stowmark/internal/domain/snapshot/listing.go:14.2,15.32 2 0
github.com/bruli-lab/stowmark/internal/domain/snapshot/listing.go:16.3,20.33 2 0
github.com/bruli-lab/stowmark/internal/domain/snapshot/listing.go:21.4,23.1 2 0
github.com/bruli-lab/stowmark/internal/domain/snapshot/listing.go:24.3,24.87 1 0
github.com/bruli-lab/stowmark/internal/domain/snapshot/listing.go:26.2,26.20 1 0
github.com/bruli-lab/stowmark/internal/domain/snapshot/listing.go:30.2,31.1 1 0
github.com/bruli-lab/stowmark/internal/domain/snapshot/manifest.go:18.2,19.1 1 0
github.com/bruli-lab/stowmark/internal/domain/snapshot/manifest.go:22.2,23.1 1 4
github.com/bruli-lab/stowmark/internal/domain/snapshot/manifest.go:26.2,27.1 1 16
github.com/bruli-lab/stowmark/internal/domain/snapshot/manifest.go:30.2,31.1 1 0
github.com/bruli-lab/stowmark/internal/domain/snapshot/manifest.go:34.2,35.1 1 2
github.com/bruli-lab/stowmark/internal/domain/snapshot/manifest.go:38.2,39.1 1 15
github.com/bruli-lab/stowmark/internal/domain/snapshot/manifest_resume.go:14.2,15.1 1 0
github.com/bruli-lab/stowmark/internal/domain/snapshot/manifest_resume.go:18.2,19.1 1 0
github.com/bruli-lab/stowmark/internal/domain/snapshot/manifest_resume.go:22.2,23.1 1 0
github.com/bruli-lab/stowmark/internal/domain/snapshot/manifest_resume.go:26.2,27.1 1 0
github.com/bruli-lab/stowmark/internal/domain/snapshot/manifest_resume.go:30.2,31.1 1 0
github.com/bruli-lab/stowmark/internal/domain/snapshot/manifest_resume.go:34.2,35.1 1 0
github.com/bruli-lab/stowmark/internal/domain/snapshot/rekey.go:25.2,26.16 2 15
github.com/bruli-lab/stowmark/internal/domain/snapshot/rekey.go:27.3,28.1 1 1
github.com/bruli-lab/stowmark/internal/domain/snapshot/rekey.go:30.2,31.27 2 14
github.com/bruli-lab/stowmark/internal/domain/snapshot/rekey.go:32.3,33.1 1 1
github.com/bruli-lab/stowmark/internal/domain/snapshot/rekey.go:35.2,37.1 4 13
github.com/bruli-lab/stowmark/internal/domain/snapshot/rekey.go:38.2,39.16 4 13
github.com/bruli-lab/stowmark/internal/domain/snapshot/rekey.go:40.3,41.1 1 1
github.com/bruli-lab/stowmark/internal/domain/snapshot/rekey.go:43.2,48.16 2 12
github.com/bruli-lab/stowmark/internal/domain/snapshot/rekey.go:49.3,50.1 1 1
github.com/bruli-lab/stowmark/internal/domain/snapshot/rekey.go:52.2,53.16 2 11
github.com/bruli-lab/stowmark/internal/domain/snapshot/rekey.go:54.3,55.1 1 1
github.com/bruli-lab/stowmark/internal/domain/snapshot/rekey.go:57.2,58.16 2 10
github.com/bruli-lab/stowmark/internal/domain/snapshot/rekey.go:59.3,60.1 1 1
github.com/bruli-lab/stowmark/internal/domain/snapshot/rekey.go:62.2,63.16 2 9
github.com/bruli-lab/stowmark/internal/domain/snapshot/rekey.go:64.3,65.1 1 1
github.com/bruli-lab/stowmark/internal/domain/snapshot/rekey.go:67.2,68.16 2 8
github.com/bruli-lab/stowmark/internal/domain/snapshot/rekey.go:69.3,70.1 1 1
github.com/bruli-lab/stowmark/internal/domain/snapshot/rekey.go:72.2,73.16 2 7
github.com/bruli-lab/stowmark/internal/domain/snapshot/rekey.go:74.3,75.1 1 1
github.com/bruli-lab/stowmark/internal/domain/snapshot/rekey.go:77.2,78.1 2 6
github.com/bruli-lab/stowmark/internal/domain/snapshot/rekey.go:79.2,79.15 2 6
github.com/bruli-lab/stowmark/internal/domain/snapshot/rekey.go:80.3,80.16 1 6
github.com/bruli-lab/stowmark/internal/domain/snapshot/rekey.go:81.4,82.1 1 2
github.com/bruli-lab/stowmark/internal/domain/snapshot/rekey.go:84.3,86.1 4 4
github.com/bruli-lab/stowmark/internal/domain/snapshot/rekey.go:87.3,88.24 4 4
github.com/bruli-lab/stowmark/internal/domain/snapshot/rekey.go:89.4,90.1 1 1
github.com/bruli-lab/stowmark/internal/domain/snapshot/rekey.go:93.2,93.120 1 6
github.com/bruli-lab/stowmark/internal/domain/snapshot/rekey.go:94.3,95.1 1 2
github.com/bruli-lab/stowmark/internal/domain/snapshot/rekey.go:97.2,100.1 4 4
github.com/bruli-lab/stowmark/internal/domain/snapshot/rekey.go:101.2,101.77 4 4
github.com/bruli-lab/stowmark/internal/domain/snapshot/rekey.go:102.3,103.1 1 2
github.com/bruli-lab/stowmark/internal/domain/snapshot/rekey.go:105.2,106.1 2 2
github.com/bruli-lab/stowmark/internal/domain/snapshot/rekey.go:107.2,107.87 2 2
github.com/bruli-lab/stowmark/internal/domain/snapshot/rekey.go:108.3,109.1 1 1
github.com/bruli-lab/stowmark/internal/domain/snapshot/rekey.go:111.2,111.12 1 1
github.com/bruli-lab/stowmark/internal/domain/snapshot/rekey.go:115.2,115.22 1 6
github.com/bruli-lab/stowmark/internal/domain/snapshot/rekey.go:116.3,117.1 1 0
github.com/bruli-lab/stowmark/internal/domain/snapshot/rekey.go:119.2,122.1 4 6
github.com/bruli-lab/stowmark/internal/domain/snapshot/rekey.go:123.2,123.24 4 6
github.com/bruli-lab/stowmark/internal/domain/snapshot/rekey.go:124.3,125.1 2 6
github.com/bruli-lab/stowmark/internal/domain/snapshot/rekey.go:126.3,126.31 2 6
github.com/bruli-lab/stowmark/internal/domain/snapshot/rekey.go:127.4,127.11 1 12
github.com/bruli-lab/stowmark/internal/domain/snapshot/rekey.go:128.22,128.22 0 12
github.com/bruli-lab/stowmark/internal/domain/snapshot/rekey.go:130.5,130.15 1 0
github.com/bruli-lab/stowmark/internal/domain/snapshot/rekey.go:134.3,134.13 1 6
github.com/bruli-lab/stowmark/internal/domain/snapshot/rekey.go:137.2,137.20 1 6
github.com/bruli-lab/stowmark/internal/domain/snapshot/rekey.go:138.3,138.25 1 12
github.com/bruli-lab/stowmark/internal/domain/snapshot/rekey.go:139.4,139.8 1 12
github.com/bruli-lab/stowmark/internal/domain/snapshot/rekey.go:140.5,140.12 1 20
github.com/bruli-lab/stowmark/internal/domain/snapshot/rekey.go:142.6,142.16 1 0
github.com/bruli-lab/stowmark/internal/domain/snapshot/rekey.go:145.6,145.13 1 20
github.com/bruli-lab/stowmark/internal/domain/snapshot/rekey.go:146.7,147.1 1 8
github.com/bruli-lab/stowmark/internal/domain/snapshot/rekey.go:149.6,156.20 1 12
github.com/bruli-lab/stowmark/internal/domain/snapshot/rekey.go:157.7,158.1 1 4
github.com/bruli-lab/stowmark/internal/domain/snapshot/rekey.go:164.2,164.21 1 6
github.com/bruli-lab/stowmark/internal/domain/snapshot/rekey.go:173.2,179.16 2 12
github.com/bruli-lab/stowmark/internal/domain/snapshot/rekey.go:180.3,181.1 1 2
github.com/bruli-lab/stowmark/internal/domain/snapshot/rekey.go:183.2,190.1 3 10
github.com/bruli-lab/stowmark/internal/domain/snapshot/rekey.go:191.2,192.1 3 10
github.com/bruli-lab/stowmark/internal/domain/snapshot/rekey.go:193.2,193.39 3 10
github.com/bruli-lab/stowmark/internal/domain/snapshot/rekey.go:202.2,207.1 1 15
github.com/bruli-lab/stowmark/internal/domain/snapshot/repositories_mock.go:85.2,85.37 1 2
github.com/bruli-lab/stowmark/internal/domain/snapshot/repositories_mock.go:86.3,86.120 1 0
github.com/bruli-lab/stowmark/internal/domain/snapshot/repositories_mock.go:88.2,98.1 5 2
github.com/bruli-lab/stowmark/internal/domain/snapshot/repositories_mock.go:99.2,102.60 5 2
github.com/bruli-lab/stowmark/internal/domain/snapshot/repositories_mock.go:115.2,120.1 5 0
github.com/bruli-lab/stowmark/internal/domain/snapshot/repositories_mock.go:121.2,125.1 5 0
github.com/bruli-lab/stowmark/internal/domain/snapshot/repositories_mock.go:129.2,129.35 1 14
github.com/bruli-lab/stowmark/internal/domain/snapshot/repositories_mock.go:130.3,130.116 1 0
github.com/bruli-lab/stowmark/internal/domain/snapshot/repositories_mock.go:132.2,140.1 5 14
github.com/bruli-lab/stowmark/internal/domain/snapshot/repositories_mock.go:141.2,144.52 5 14
github.com/bruli-lab/stowmark/internal/domain/snapshot/repositories_mock.go:156.2,160.1 5 0
github.com/bruli-lab/stowmark/internal/domain/snapshot/repositories_mock.go:161.2,165.1 5 0
github.com/bruli-lab/stowmark/internal/domain/snapshot/repositories_mock.go:169.2,169.29 1 13
github.com/bruli-lab/stowmark/internal/domain/snapshot/repositories_mock.go:170.3,170.104 1 0
github.com/bruli-lab/stowmark/internal/domain/snapshot/repositories_mock.go:172.2,178.1 5 13
github.com/bruli-lab/stowmark/internal/domain/snapshot/repositories_mock.go:179.2,182.42 5 13
github.com/bruli-lab/stowmark/internal/domain/snapshot/repositories_mock.go:193.2,196.1 5 0
github.com/bruli-lab/stowmark/internal/domain/snapshot/repositories_mock.go:197.2,201.1 5 0
github.com/bruli-lab/stowmark/internal/domain/snapshot/repositories_mock.go:267.2,267.25 1 15
github.com/bruli-lab/stowmark/internal/domain/snapshot/repositories_mock.go:268.3,268.100 1 0
github.com/bruli-lab/stowmark/internal/domain/snapshot/repositories_mock.go:270.2,276.1 5 15
github.com/bruli-lab/stowmark/internal/domain/snapshot/repositories_mock.go:277.2,280.38 5 15
github.com/bruli-lab/stowmark/internal/domain/snapshot/repositories_mock.go:291.2,294.1 5 0
github.com/bruli-lab/stowmark/internal/domain/snapshot/repositories_mock.go:295.2,299.1 5 0
github.com/bruli-lab/stowmark/internal/domain/snapshot/repositories_mock.go:303.2,303.26 1 0
github.com/bruli-lab/stowmark/internal/domain/snapshot/repositories_mock.go:304.3,304.102 1 0
github.com/bruli-lab/stowmark/internal/domain/snapshot/repositories_mock.go:306.2,310.1 5 0
github.com/bruli-lab/stowmark/internal/domain/snapshot/repositories_mock.go:311.2,314.27 5 0
github.com/bruli-lab/stowmark/internal/domain/snapshot/repositories_mock.go:324.2,326.1 5 0
github.com/bruli-lab/stowmark/internal/domain/snapshot/repositories_mock.go:327.2,331.1 5 0
github.com/bruli-lab/stowmark/internal/domain/snapshot/repositories_mock.go:335.2,335.26 1 5
github.com/bruli-lab/stowmark/internal/domain/snapshot/repositories_mock.go:336.3,336.102 1 0
github.com/bruli-lab/stowmark/internal/domain/snapshot/repositories_mock.go:338.2,344.1 5 5
github.com/bruli-lab/stowmark/internal/domain/snapshot/repositories_mock.go:345.2,348.30 5 5
github.com/bruli-lab/stowmark/internal/domain/snapshot/repositories_mock.go:359.2,362.1 5 0
github.com/bruli-lab/stowmark/internal/domain/snapshot/repositories_mock.go:363.2,367.1 5 0
github.com/bruli-lab/stowmark/internal/domain/snapshot/repositories_mock.go:577.2,577.32 1 4
github.com/bruli-lab/stowmark/internal/domain/snapshot/repositories_mock.go:578.3,578.110 1 0
github.com/bruli-lab/stowmark/internal/domain/snapshot/repositories_mock.go:580.2,586.1 5 4
github.com/bruli-lab/stowmark/internal/domain/snapshot/repositories_mock.go:587.2,590.45 5 4
github.com/bruli-lab/stowmark/internal/domain/snapshot/repositories_mock.go:601.2,604.1 5 15
github.com/bruli-lab/stowmark/internal/domain/snapshot/repositories_mock.go:605.2,609.1 5 15
github.com/bruli-lab/stowmark/internal/domain/snapshot/repositories_mock.go:613.2,613.35 1 9
github.com/bruli-lab/stowmark/internal/domain/snapshot/repositories_mock.go:614.3,614.116 1 0
github.com/bruli-lab/stowmark/internal/domain/snapshot/repositories_mock.go:616.2,626.1 5 9
github.com/bruli-lab/stowmark/internal/domain/snapshot/repositories_mock.go:627.2,630.68 5 9
github.com/bruli-lab/stowmark/internal/domain/snapshot/repositories_mock.go:643.2,648.1 5 0
github.com/bruli-lab/stowmark/internal/domain/snapshot/repositories_mock.go:649.2,653.1 5 0
github.com/bruli-lab/stowmark/internal/domain/snapshot/repositories_mock.go:657.2,657.47 1 2
github.com/bruli-lab/stowmark/internal/domain/snapshot/repositories_mock.go:658.3,658.140 1 0
github.com/bruli-lab/stowmark/internal/domain/snapshot/repositories_mock.go:660.2,666.1 5 2
github.com/bruli-lab/stowmark/internal/domain/snapshot/repositories_mock.go:667.2,670.60 5 2
github.com/bruli-lab/stowmark/internal/domain/snapshot/repositories_mock.go:681.2,684.1 5 0
github.com/bruli-lab/stowmark/internal/domain/snapshot/repositories_mock.go:685.2,689.1 5 0
github.com/bruli-lab/stowmark/internal/domain/snapshot/repositories_mock.go:693.2,693.42 1 7
github.com/bruli-lab/stowmark/internal/domain/snapshot/repositories_mock.go:694.3,694.130 1 0
github.com/bruli-lab/stowmark/internal/domain/snapshot/repositories_mock.go:696.2,702.1 5 7
github.com/bruli-lab/stowmark/internal/domain/snapshot/repositories_mock.go:703.2,706.55 5 7
github.com/bruli-lab/stowmark/internal/domain/snapshot/repositories_mock.go:717.2,720.1 5 0
github.com/bruli-lab/stowmark/internal/domain/snapshot/repositories_mock.go:721.2,725.1 5 0
github.com/bruli-lab/stowmark/internal/domain/snapshot/repositories_mock.go:729.2,729.41 1 12
github.com/bruli-lab/stowmark/internal/domain/snapshot/repositories_mock.go:730.3,730.128 1 0
github.com/bruli-lab/stowmark/internal/domain/snapshot/repositories_mock.go:732.2,742.1 5 12
github.com/bruli-lab/stowmark/internal/domain/snapshot/repositories_mock.go:743.2,746.65 5 12
github.com/bruli-lab/stowmark/internal/domain/snapshot/repositories_mock.go:759.2,764.1 5 0
github.com/bruli-lab/stowmark/internal/domain/snapshot/repositories_mock.go:765.2,769.1 5 0
github.com/bruli-lab/stowmark/internal/domain/snapshot/repositories_mock.go:773.2,773.32 1 6
github.com/bruli-lab/stowmark/internal/domain/snapshot/repositories_mock.go:774.3,774.110 1 0
github.com/bruli-lab/stowmark/internal/domain/snapshot/repositories_mock.go:776.2,786.1 5 6
github.com/bruli-lab/stowmark/internal/domain/snapshot/repositories_mock.go:787.2,790.65 5 6
github.com/bruli-lab/stowmark/internal/domain/snapshot/repositories_mock.go:803.2,808.1 5 0
github.com/bruli-lab/stowmark/internal/domain/snapshot/repositories_mock.go:809.2,813.1 5 0
github.com/bruli-lab/stowmark/internal/domain/snapshot/repositories_mock.go:817.2,817.35 1 4
github.com/bruli-lab/stowmark/internal/domain/snapshot/repositories_mock.go:818.3,818.116 1 0
github.com/bruli-lab/stowmark/internal/domain/snapshot/repositories_mock.go:820.2,832.1 5 4
github.com/bruli-lab/stowmark/internal/domain/snapshot/repositories_mock.go:833.2,836.73 5 4
github.com/bruli-lab/stowmark/internal/domain/snapshot/repositories_mock.go:850.2,856.1 5 0
github.com/bruli-lab/stowmark/internal/domain/snapshot/repositories_mock.go:857.2,861.1 5 0
github.com/bruli-lab/stowmark/internal/domain/snapshot/repositories_mock.go:865.2,865.26 1 1
github.com/bruli-lab/stowmark/internal/domain/snapshot/repositories_mock.go:866.3,866.98 1 0
github.com/bruli-lab/stowmark/internal/domain/snapshot/repositories_mock.go:868.2,882.1 5 1
github.com/bruli-lab/stowmark/internal/domain/snapshot/repositories_mock.go:883.2,886.75 5 1
github.com/bruli-lab/stowmark/internal/domain/snapshot/repositories_mock.go:901.2,908.1 5 0
github.com/bruli-lab/stowmark/internal/domain/snapshot/repositories_mock.go:909.2,913.1 5 0
github.com/bruli-lab/stowmark/internal/domain/snapshot/repositories_mock.go:917.2,917.31 1 3
github.com/bruli-lab/stowmark/internal/domain/snapshot/repositories_mock.go:918.3,918.108 1 0
github.com/bruli-lab/stowmark/internal/domain/snapshot/repositories_mock.go:920.2,938.1 5 3
github.com/bruli-lab/stowmark/internal/domain/snapshot/repositories_mock.go:939.2,942.85 5 3
github.com/bruli-lab/stowmark/internal/domain/snapshot/repositories_mock.go:959.2,968.1 5 0
github.com/bruli-lab/stowmark/internal/domain/snapshot/repositories_mock.go:969.2,973.1 5 0
github.com/bruli-lab/stowmark/internal/domain/snapshot/repositories_mock.go:977.2,977.39 1 10
github.com/bruli-lab/stowmark/internal/domain/snapshot/repositories_mock.go:978.3,978.124 1 0
github.com/bruli-lab/stowmark/internal/domain/snapshot/repositories_mock.go:980.2,992.1 5 10
github.com/bruli-lab/stowmark/internal/domain/snapshot/repositories_mock.go:993.2,996.71 5 10
github.com/bruli-lab/stowmark/internal/domain/snapshot/repositories_mock.go:1010.2,1016.1 5 0
github.com/bruli-lab/stowmark/internal/domain/snapshot/repositories_mock.go:1017.2,1021.1 5 0
github.com/bruli-lab/stowmark/internal/domain/snapshot/restore.go:21.2,22.16 2 3
github.com/bruli-lab/stowmark/internal/domain/snapshot/restore.go:23.3,24.1 1 0
github.com/bruli-lab/stowmark/internal/domain/snapshot/restore.go:25.2,29.17 2 3
github.com/bruli-lab/stowmark/internal/domain/snapshot/restore.go:30.3,32.1 2 0
github.com/bruli-lab/stowmark/internal/domain/snapshot/restore.go:34.2,35.16 2 3
github.com/bruli-lab/stowmark/internal/domain/snapshot/restore.go:36.3,37.1 1 1
github.com/bruli-lab/stowmark/internal/domain/snapshot/restore.go:38.2,39.32 2 2
github.com/bruli-lab/stowmark/internal/domain/snapshot/restore.go:40.3,40.29 1 2
github.com/bruli-lab/stowmark/internal/domain/snapshot/restore.go:41.4,42.1 1 1
github.com/bruli-lab/stowmark/internal/domain/snapshot/restore.go:43.3,43.104 1 2
github.com/bruli-lab/stowmark/internal/domain/snapshot/restore.go:44.4,45.12 2 1
github.com/bruli-lab/stowmark/internal/domain/snapshot/restore.go:47.3,47.22 1 1
github.com/bruli-lab/stowmark/internal/domain/snapshot/restore.go:49.2,49.20 1 2
github.com/bruli-lab/stowmark/internal/domain/snapshot/restore.go:58.2,62.1 1 3
github.com/bruli-lab/stowmark/internal/domain/snapshot/restore_file.go:22.2,23.16 2 4
github.com/bruli-lab/stowmark/internal/domain/snapshot/restore_file.go:24.3,25.1 1 0
github.com/bruli-lab/stowmark/internal/domain/snapshot/restore_file.go:26.2,30.17 2 4
github.com/bruli-lab/stowmark/internal/domain/snapshot/restore_file.go:31.3,33.1 2 0
github.com/bruli-lab/stowmark/internal/domain/snapshot/restore_file.go:34.2,35.16 2 4
github.com/bruli-lab/stowmark/internal/domain/snapshot/restore_file.go:36.3,37.1 1 1
github.com/bruli-lab/stowmark/internal/domain/snapshot/restore_file.go:38.2,39.16 2 3
github.com/bruli-lab/stowmark/internal/domain/snapshot/restore_file.go:40.3,41.1 1 1
github.com/bruli-lab/stowmark/internal/domain/snapshot/restore_file.go:42.2,42.28 1 2
github.com/bruli-lab/stowmark/internal/domain/snapshot/restore_file.go:43.3,44.1 1 1
github.com/bruli-lab/stowmark/internal/domain/snapshot/restore_file.go:45.2,45.105 1 2
github.com/bruli-lab/stowmark/internal/domain/snapshot/restore_file.go:46.3,47.1 1 1
github.com/bruli-lab/stowmark/internal/domain/snapshot/restore_file.go:48.2,48.12 1 1
github.com/bruli-lab/stowmark/internal/domain/snapshot/restore_file.go:52.2,52.32 1 3
github.com/bruli-lab/stowmark/internal/domain/snapshot/restore_file.go:53.3,53.27 1 9
github.com/bruli-lab/stowmark/internal/domain/snapshot/restore_file.go:54.4,55.1 1 2
github.com/bruli-lab/stowmark/internal/domain/snapshot/restore_file.go:57.2,57.69 1 1
github.com/bruli-lab/stowmark/internal/domain/snapshot/restore_file.go:66.2,70.1 1 4
github.com/bruli-lab/stowmark/internal/domain/snapshot/restore_file.go:78.2,79.1 1 0
github.com/bruli-lab/stowmark/internal/domain/snapshot/restore_file.go:82.2,83.1 1 1
github.com/bruli-lab/stowmark/internal/domain/snapshot/result.go:8.2,9.1 1 0
github.com/bruli-lab/stowmark/internal/domain/snapshot/result.go:12.2,13.1 1 0
github.com/bruli-lab/stowmark/internal/domain/snapshot/result.go:16.2,17.1 1 6
github.com/bruli-lab/stowmark/internal/domain/snapshot/result.go:26.2,27.1 1 7
github.com/bruli-lab/stowmark/internal/domain/snapshot/result.go:30.2,31.1 1 0
github.com/bruli-lab/stowmark/internal/domain/snapshot/result.go:34.2,35.1 1 7
github.com/bruli-lab/stowmark/internal/domain/snapshot/result.go:38.2,40.1 2 6
github.com/bruli-lab/stowmark/internal/domain/snapshot/result.go:43.2,44.1 1 1
github.com/bruli-lab/stowmark/internal/domain/snapshot/result.go:47.2,48.1 1 7
github.com/bruli-lab/stowmark/internal/domain/snapshot/result.go:51.2,52.1 1 9
github.com/bruli-lab/stowmark/internal/domain/snapshot/source.go:9.2,10.1 1 5
github.com/bruli-lab/stowmark/internal/domain/snapshot/source.go:13.2,14.1 1 12
github.com/bruli-lab/stowmark/internal/domain/snapshot/source.go:17.2,18.1 1 12
github.com/bruli-lab/stowmark/internal/domain/snapshot/symmetric_key.go:21.2,21.27 1 18
github.com/bruli-lab/stowmark/internal/domain/snapshot/symmetric_key.go:22.3,23.17 2 6
github.com/bruli-lab/stowmark/internal/domain/snapshot/symmetric_key.go:24.4,25.1 1 1
github.com/bruli-lab/stowmark/internal/domain/snapshot/symmetric_key.go:26.3,26.31 1 5
github.com/bruli-lab/stowmark/internal/domain/snapshot/symmetric_key.go:27.4,28.1 1 1
github.com/bruli-lab/stowmark/internal/domain/snapshot/symmetric_key.go:29.3,30.17 2 4
github.com/bruli-lab/stowmark/internal/domain/snapshot/symmetric_key.go:31.4,32.1 1 1
github.com/bruli-lab/stowmark/internal/domain/snapshot/symmetric_key.go:33.3,36.9 1 3
github.com/bruli-lab/stowmark/internal/domain/snapshot/symmetric_key.go:38.2,38.17 1 12
github.com/bruli-lab/stowmark/internal/domain/snapshot/symmetric_key.go:42.2,43.1 1 18
github.com/bruli-lab/stowmark/internal/domain/snapshot/verifier.go:27.2,28.16 2 11
github.com/bruli-lab/stowmark/internal/domain/snapshot/verifier.go:29.3,30.1 1 3
github.com/bruli-lab/stowmark/internal/domain/snapshot/verifier.go:31.2,35.17 2 8
github.com/bruli-lab/stowmark/internal/domain/snapshot/verifier.go:36.3,38.1 2 3
github.com/bruli-lab/stowmark/internal/domain/snapshot/verifier.go:40.2,41.16 2 8
github.com/bruli-lab/stowmark/internal/domain/snapshot/verifier.go:42.3,43.1 1 1
github.com/bruli-lab/stowmark/internal/domain/snapshot/verifier.go:44.2,45.1 4 7
github.com/bruli-lab/stowmark/internal/domain/snapshot/verifier.go:46.2,47.1 4 7
github.com/bruli-lab/stowmark/internal/domain/snapshot/verifier.go:48.2,49.18 4 7
github.com/bruli-lab/stowmark/internal/domain/snapshot/verifier.go:50.3,51.1 1 0
github.com/bruli-lab/stowmark/internal/domain/snapshot/verifier.go:52.2,52.26 1 7
github.com/bruli-lab/stowmark/internal/domain/snapshot/verifier.go:53.3,54.1 1 7
github.com/bruli-lab/stowmark/internal/domain/snapshot/verifier.go:55.2,55.17 1 7
github.com/bruli-lab/stowmark/internal/domain/snapshot/verifier.go:56.3,57.1 1 0
github.com/bruli-lab/stowmark/internal/domain/snapshot/verifier.go:59.2,64.1 5 7
github.com/bruli-lab/stowmark/internal/domain/snapshot/verifier.go:65.2,67.1 5 7
github.com/bruli-lab/stowmark/internal/domain/snapshot/verifier.go:68.2,69.1 5 7
github.com/bruli-lab/stowmark/internal/domain/snapshot/verifier.go:70.2,70.19 5 7
github.com/bruli-lab/stowmark/internal/domain/snapshot/verifier.go:71.3,72.26 2 7
github.com/bruli-lab/stowmark/internal/domain/snapshot/verifier.go:73.4,74.1 3 7
github.com/bruli-lab/stowmark/internal/domain/snapshot/verifier.go:75.4,76.11 3 7
github.com/bruli-lab/stowmark/internal/domain/snapshot/verifier.go:78.5,78.24 1 2
github.com/bruli-lab/stowmark/internal/domain/snapshot/verifier.go:79.6,81.1 2 2
github.com/bruli-lab/stowmark/internal/domain/snapshot/verifier.go:83.5,83.60 1 5
github.com/bruli-lab/stowmark/internal/domain/snapshot/verifier.go:85.5,85.24 1 0
github.com/bruli-lab/stowmark/internal/domain/snapshot/verifier.go:87.4,87.15 1 7
github.com/bruli-lab/stowmark/internal/domain/snapshot/verifier.go:91.2,92.31 2 7
github.com/bruli-lab/stowmark/internal/domain/snapshot/verifier.go:93.3,94.1 1 7
github.com/bruli-lab/stowmark/internal/domain/snapshot/verifier.go:96.2,96.29 1 7
github.com/bruli-lab/stowmark/internal/domain/snapshot/verifier.go:97.3,97.10 1 7
github.com/bruli-lab/stowmark/internal/domain/snapshot/verifier.go:98.21,98.21 0 7
github.com/bruli-lab/stowmark/internal/domain/snapshot/verifier.go:100.4,100.16 1 0
github.com/bruli-lab/stowmark/internal/domain/snapshot/verifier.go:104.2,106.1 3 7
github.com/bruli-lab/stowmark/internal/domain/snapshot/verifier.go:107.2,107.21 3 7
github.com/bruli-lab/stowmark/internal/domain/snapshot/verifier.go:108.3,109.1 1 2
github.com/bruli-lab/stowmark/internal/domain/snapshot/verifier.go:111.2,111.20 1 5
github.com/bruli-lab/stowmark/internal/domain/snapshot/verifier.go:115.2,115.29 1 7
github.com/bruli-lab/stowmark/internal/domain/snapshot/verifier.go:116.3,122.1 1 2
github.com/bruli-lab/stowmark/internal/domain/snapshot/verifier.go:123.2,124.35 2 5
github.com/bruli-lab/stowmark/internal/domain/snapshot/verifier.go:125.3,126.17 2 5
github.com/bruli-lab/stowmark/internal/domain/snapshot/verifier.go:127.4,128.1 1 1
github.com/bruli-lab/stowmark/internal/domain/snapshot/verifier.go:129.3,129.19 1 4
github.com/bruli-lab/stowmark/internal/domain/snapshot/verifier.go:130.4,131.1 1 4
github.com/bruli-lab/stowmark/internal/domain/snapshot/verifier.go:134.2,134.16 1 0
github.com/bruli-lab/stowmark/internal/domain/snapshot/verifier.go:138.2,138.24 1 7
github.com/bruli-lab/stowmark/internal/domain/snapshot/verifier.go:139.3,140.1 1 1
github.com/bruli-lab/stowmark/internal/domain/snapshot/verifier.go:141.2,142.16 2 6
github.com/bruli-lab/stowmark/internal/domain/snapshot/verifier.go:143.3,143.39 1 6
github.com/bruli-lab/stowmark/internal/domain/snapshot/verifier.go:144.4,145.1 1 4
github.com/bruli-lab/stowmark/internal/domain/snapshot/verifier.go:146.3,146.17 1 2
github.com/bruli-lab/stowmark/internal/domain/snapshot/verifier.go:149.2,150.1 4 0
github.com/bruli-lab/stowmark/internal/domain/snapshot/verifier.go:151.2,155.1 4 0
github.com/bruli-lab/stowmark/internal/domain/snapshot/verifier.go:156.2,157.1 4 0
github.com/bruli-lab/stowmark/internal/domain/snapshot/verifier.go:158.2,158.20 4 0
github.com/bruli-lab/stowmark/internal/domain/snapshot/verifier.go:159.3,160.1 1 0
github.com/bruli-lab/stowmark/internal/domain/snapshot/verifier.go:162.2,162.21 1 0
github.com/bruli-lab/stowmark/internal/domain/snapshot/verifier.go:163.3,164.1 1 0
github.com/bruli-lab/stowmark/internal/domain/snapshot/verifier.go:166.2,169.1 2 0
github.com/bruli-lab/stowmark/internal/domain/snapshot/verifier.go:170.2,170.36 2 0
github.com/bruli-lab/stowmark/internal/domain/snapshot/verifier.go:171.3,172.1 1 0
github.com/bruli-lab/stowmark/internal/domain/snapshot/verifier.go:174.2,174.16 1 0
github.com/bruli-lab/stowmark/internal/domain/snapshot/verifier.go:183.2,188.1 1 11
github.com/bruli-lab/stowmark/internal/infra/cli/create.go:19.2,24.1 3 0
github.com/bruli-lab/stowmark/internal/infra/cli/create.go:25.2,29.55 3 0
github.com/bruli-lab/stowmark/internal/infra/cli/create.go:30.4,31.1 2 0
github.com/bruli-lab/stowmark/internal/infra/cli/create.go:32.4,32.28 2 0
github.com/bruli-lab/stowmark/internal/infra/cli/create.go:33.5,34.1 1 0
github.com/bruli-lab/stowmark/internal/infra/cli/create.go:36.4,37.18 2 0
github.com/bruli-lab/stowmark/internal/infra/cli/create.go:38.5,39.1 1 0
github.com/bruli-lab/stowmark/internal/infra/cli/create.go:40.4,40.17 1 0
github.com/bruli-lab/stowmark/internal/infra/cli/create.go:41.5,42.1 1 0
github.com/bruli-lab/stowmark/internal/infra/cli/create.go:44.4,45.18 2 0
github.com/bruli-lab/stowmark/internal/infra/cli/create.go:46.5,47.1 1 0
github.com/bruli-lab/stowmark/internal/infra/cli/create.go:48.4,49.18 2 0
github.com/bruli-lab/stowmark/internal/infra/cli/create.go:50.5,51.1 1 0
github.com/bruli-lab/stowmark/internal/infra/cli/create.go:52.4,55.18 4 0
github.com/bruli-lab/stowmark/internal/infra/cli/create.go:56.5,57.1 1 0
github.com/bruli-lab/stowmark/internal/infra/cli/create.go:58.4,58.17 1 0
github.com/bruli-lab/stowmark/internal/infra/cli/create.go:59.5,60.1 1 0
github.com/bruli-lab/stowmark/internal/infra/cli/create.go:61.4,62.18 2 0
github.com/bruli-lab/stowmark/internal/infra/cli/create.go:63.5,64.1 1 0
github.com/bruli-lab/stowmark/internal/infra/cli/create.go:65.4,67.1 4 0
github.com/bruli-lab/stowmark/internal/infra/cli/create.go:68.4,69.28 4 0
github.com/bruli-lab/stowmark/internal/infra/cli/create.go:70.5,71.1 1 0
github.com/bruli-lab/stowmark/internal/infra/cli/create.go:73.4,78.18 2 0
github.com/bruli-lab/stowmark/internal/infra/cli/create.go:79.5,80.1 1 0
github.com/bruli-lab/stowmark/internal/infra/cli/create.go:82.4,82.24 1 0
github.com/bruli-lab/stowmark/internal/infra/cli/create.go:83.5,84.1 1 0
github.com/bruli-lab/stowmark/internal/infra/cli/create.go:85.4,86.11 2 0
github.com/bruli-lab/stowmark/internal/infra/cli/create.go:87.5,88.1 1 0
github.com/bruli-lab/stowmark/internal/infra/cli/create.go:90.4,97.1 2 0
github.com/bruli-lab/stowmark/internal/infra/cli/create.go:98.4,98.14 2 0
github.com/bruli-lab/stowmark/internal/infra/cli/create.go:102.2,108.1 4 0
github.com/bruli-lab/stowmark/internal/infra/cli/create.go:109.2,116.1 4 0
github.com/bruli-lab/stowmark/internal/infra/cli/create.go:117.2,117.12 4 0
github.com/bruli-lab/stowmark/internal/infra/cli/execute.go:8.2,13.1 5 0
github.com/bruli-lab/stowmark/internal/infra/cli/execute.go:15.2,18.1 5 0
github.com/bruli-lab/stowmark/internal/infra/cli/execute.go:19.2,20.1 5 0
github.com/bruli-lab/stowmark/internal/infra/cli/generate.go:14.2,19.52 2 0
github.com/bruli-lab/stowmark/internal/infra/cli/generate.go:20.4,21.18 2 0
github.com/bruli-lab/stowmark/internal/infra/cli/generate.go:22.5,23.1 1 0
github.com/bruli-lab/stowmark/internal/infra/cli/generate.go:24.4,24.17 1 0
github.com/bruli-lab/stowmark/internal/infra/cli/generate.go:25.5,26.1 1 0
github.com/bruli-lab/stowmark/internal/infra/cli/generate.go:27.4,30.18 4 0
github.com/bruli-lab/stowmark/internal/infra/cli/generate.go:31.5,32.1 1 0
github.com/bruli-lab/stowmark/internal/infra/cli/generate.go:33.4,35.18 3 0
github.com/bruli-lab/stowmark/internal/infra/cli/generate.go:36.5,37.1 1 0
github.com/bruli-lab/stowmark/internal/infra/cli/generate.go:38.4,39.18 2 0
github.com/bruli-lab/stowmark/internal/infra/cli/generate.go:40.5,41.1 1 0
github.com/bruli-lab/stowmark/internal/infra/cli/generate.go:42.4,43.14 2 0
github.com/bruli-lab/stowmark/internal/infra/cli/generate.go:47.2,53.1 3 0
github.com/bruli-lab/stowmark/internal/infra/cli/generate.go:54.2,55.1 3 0
github.com/bruli-lab/stowmark/internal/infra/cli/generate.go:56.2,56.12 3 0
github.com/bruli-lab/stowmark/internal/infra/cli/get.go:16.2,24.52 2 0
github.com/bruli-lab/stowmark/internal/infra/cli/get.go:25.4,26.18 2 0
github.com/bruli-lab/stowmark/internal/infra/cli/get.go:27.5,28.1 1 0
github.com/bruli-lab/stowmark/internal/infra/cli/get.go:29.4,30.18 2 0
github.com/bruli-lab/stowmark/internal/infra/cli/get.go:31.5,32.1 1 0
github.com/bruli-lab/stowmark/internal/infra/cli/get.go:33.4,33.17 1 0
github.com/bruli-lab/stowmark/internal/infra/cli/get.go:34.5,36.1 2 0
github.com/bruli-lab/stowmark/internal/infra/cli/get.go:38.4,39.18 2 0
github.com/bruli-lab/stowmark/internal/infra/cli/get.go:40.5,41.1 1 0
github.com/bruli-lab/stowmark/internal/infra/cli/get.go:42.4,44.19 3 0
github.com/bruli-lab/stowmark/internal/infra/cli/get.go:45.5,46.1 1 0
github.com/bruli-lab/stowmark/internal/infra/cli/get.go:47.4,52.11 4 0
github.com/bruli-lab/stowmark/internal/infra/cli/get.go:53.5,54.1 1 0
github.com/bruli-lab/stowmark/internal/infra/cli/get.go:55.4,55.18 1 0
github.com/bruli-lab/stowmark/internal/infra/cli/get.go:56.5,57.1 1 0
github.com/bruli-lab/stowmark/internal/infra/cli/get.go:58.4,58.53 1 0
github.com/bruli-lab/stowmark/internal/infra/cli/get.go:62.2,74.1 5 0
github.com/bruli-lab/stowmark/internal/infra/cli/get.go:75.2,77.1 5 0
github.com/bruli-lab/stowmark/internal/infra/cli/get.go:78.2,78.12 5 0
github.com/bruli-lab/stowmark/internal/infra/cli/get.go:85.2,93.1 4 0
github.com/bruli-lab/stowmark/internal/infra/cli/get.go:94.2,95.1 4 0
github.com/bruli-lab/stowmark/internal/infra/cli/get.go:96.2,105.16 4 0
github.com/bruli-lab/stowmark/internal/infra/cli/get.go:106.3,107.1 1 0
github.com/bruli-lab/stowmark/internal/infra/cli/get.go:109.2,112.16 1 0
github.com/bruli-lab/stowmark/internal/infra/cli/get.go:113.3,114.1 1 0
github.com/bruli-lab/stowmark/internal/infra/cli/get.go:116.2,116.40 1 0
github.com/bruli-lab/stowmark/internal/infra/cli/get.go:117.3,123.17 1 0
github.com/bruli-lab/stowmark/internal/infra/cli/get.go:124.4,125.1 1 0
github.com/bruli-lab/stowmark/internal/infra/cli/get.go:128.2,128.23 1 0
github.com/bruli-lab/stowmark/internal/infra/cli/init.go:18.2,26.1 2 0
github.com/bruli-lab/stowmark/internal/infra/cli/init.go:27.2,31.52 2 0
github.com/bruli-lab/stowmark/internal/infra/cli/init.go:32.4,33.18 2 0
github.com/bruli-lab/stowmark/internal/infra/cli/init.go:34.5,35.1 1 0
github.com/bruli-lab/stowmark/internal/infra/cli/init.go:36.4,37.18 2 0
github.com/bruli-lab/stowmark/internal/infra/cli/init.go:38.5,39.1 1 0
github.com/bruli-lab/stowmark/internal/infra/cli/init.go:40.4,40.17 1 0
github.com/bruli-lab/stowmark/internal/infra/cli/init.go:41.5,43.1 2 0
github.com/bruli-lab/stowmark/internal/infra/cli/init.go:44.4,46.18 3 0
github.com/bruli-lab/stowmark/internal/infra/cli/init.go:47.5,48.1 1 0
github.com/bruli-lab/stowmark/internal/infra/cli/init.go:50.4,51.18 2 0
github.com/bruli-lab/stowmark/internal/infra/cli/init.go:52.5,53.1 1 0
github.com/bruli-lab/stowmark/internal/infra/cli/init.go:55.4,56.1 3 0
github.com/bruli-lab/stowmark/internal/infra/cli/init.go:57.4,58.1 3 0
github.com/bruli-lab/stowmark/internal/infra/cli/init.go:59.4,59.23 3 0
github.com/bruli-lab/stowmark/internal/infra/cli/init.go:60.5,64.19 5 0
github.com/bruli-lab/stowmark/internal/infra/cli/init.go:65.6,66.1 1 0
github.com/bruli-lab/stowmark/internal/infra/cli/init.go:69.4,73.18 2 0
github.com/bruli-lab/stowmark/internal/infra/cli/init.go:74.5,75.1 1 0
github.com/bruli-lab/stowmark/internal/infra/cli/init.go:77.4,78.18 2 0
github.com/bruli-lab/stowmark/internal/infra/cli/init.go:79.5,80.1 1 0
github.com/bruli-lab/stowmark/internal/infra/cli/init.go:81.4,82.1 3 0
github.com/bruli-lab/stowmark/internal/infra/cli/init.go:83.4,87.18 3 0
github.com/bruli-lab/stowmark/internal/infra/cli/init.go:88.5,89.1 1 0
github.com/bruli-lab/stowmark/internal/infra/cli/init.go:90.4,90.24 1 0
github.com/bruli-lab/stowmark/internal/infra/cli/init.go:91.5,92.1 1 0
github.com/bruli-lab/stowmark/internal/infra/cli/init.go:93.4,95.11 3 0
github.com/bruli-lab/stowmark/internal/infra/cli/init.go:96.5,97.1 1 0
github.com/bruli-lab/stowmark/internal/infra/cli/init.go:99.4,109.44 3 0
github.com/bruli-lab/stowmark/internal/infra/cli/init.go:110.5,115.1 1 0
github.com/bruli-lab/stowmark/internal/infra/cli/init.go:117.4,117.14 1 0
github.com/bruli-lab/stowmark/internal/infra/cli/init.go:121.2,127.1 9 0
github.com/bruli-lab/stowmark/internal/infra/cli/init.go:128.2,134.1 9 0
github.com/bruli-lab/stowmark/internal/infra/cli/init.go:135.2,141.1 9 0
github.com/bruli-lab/stowmark/internal/infra/cli/init.go:142.2,148.1 9 0
github.com/bruli-lab/stowmark/internal/infra/cli/init.go:149.2,161.1 9 0
github.com/bruli-lab/stowmark/internal/infra/cli/init.go:162.2,164.1 9 0
github.com/bruli-lab/stowmark/internal/infra/cli/init.go:165.2,165.12 9 0
github.com/bruli-lab/stowmark/internal/infra/cli/key.go:8.2,11.1 5 0
github.com/bruli-lab/stowmark/internal/infra/cli/key.go:13.2,16.1 5 0
github.com/bruli-lab/stowmark/internal/infra/cli/key.go:17.2,18.1 5 0
github.com/bruli-lab/stowmark/internal/infra/cli/list.go:16.2,17.1 2 0
github.com/bruli-lab/stowmark/internal/infra/cli/list.go:18.2,22.52 2 0
github.com/bruli-lab/stowmark/internal/infra/cli/list.go:23.4,24.18 2 0
github.com/bruli-lab/stowmark/internal/infra/cli/list.go:25.5,26.1 1 0
github.com/bruli-lab/stowmark/internal/infra/cli/list.go:27.4,28.18 2 0
github.com/bruli-lab/stowmark/internal/infra/cli/list.go:29.5,30.1 1 0
github.com/bruli-lab/stowmark/internal/infra/cli/list.go:31.4,31.17 1 0
github.com/bruli-lab/stowmark/internal/infra/cli/list.go:32.5,34.1 2 0
github.com/bruli-lab/stowmark/internal/infra/cli/list.go:36.4,37.18 2 0
github.com/bruli-lab/stowmark/internal/infra/cli/list.go:38.5,39.1 1 0
github.com/bruli-lab/stowmark/internal/infra/cli/list.go:41.4,43.18 3 0
github.com/bruli-lab/stowmark/internal/infra/cli/list.go:44.5,45.1 1 0
github.com/bruli-lab/stowmark/internal/infra/cli/list.go:46.4,47.1 4 0
github.com/bruli-lab/stowmark/internal/infra/cli/list.go:48.4,50.11 4 0
github.com/bruli-lab/stowmark/internal/infra/cli/list.go:51.5,51.36 1 0
github.com/bruli-lab/stowmark/internal/infra/cli/list.go:53.4,53.18 1 0
github.com/bruli-lab/stowmark/internal/infra/cli/list.go:54.5,55.1 1 0
github.com/bruli-lab/stowmark/internal/infra/cli/list.go:57.4,57.27 1 0
github.com/bruli-lab/stowmark/internal/infra/cli/list.go:58.5,62.1 2 0
github.com/bruli-lab/stowmark/internal/infra/cli/list.go:63.5,64.1 2 0
github.com/bruli-lab/stowmark/internal/infra/cli/list.go:66.4,74.1 3 0
github.com/bruli-lab/stowmark/internal/infra/cli/list.go:75.4,79.18 3 0
github.com/bruli-lab/stowmark/internal/infra/cli/list.go:80.5,81.1 1 0
github.com/bruli-lab/stowmark/internal/infra/cli/list.go:83.4,83.35 1 0
github.com/bruli-lab/stowmark/internal/infra/cli/list.go:84.5,94.19 3 0
github.com/bruli-lab/stowmark/internal/infra/cli/list.go:95.6,96.1 1 0
github.com/bruli-lab/stowmark/internal/infra/cli/list.go:99.4,99.25 1 0
github.com/bruli-lab/stowmark/internal/infra/cli/list.go:103.2,109.1 3 0
github.com/bruli-lab/stowmark/internal/infra/cli/list.go:110.2,111.1 3 0
github.com/bruli-lab/stowmark/internal/infra/cli/list.go:112.2,112.12 3 0
github.com/bruli-lab/stowmark/internal/infra/cli/list.go:116.2,117.1 2 0
github.com/bruli-lab/stowmark/internal/infra/cli/list.go:118.2,118.17 2 0
github.com/bruli-lab/stowmark/internal/infra/cli/list.go:119.3,120.1 1 0
github.com/bruli-lab/stowmark/internal/infra/cli/list.go:122.2,124.1 3 0
github.com/bruli-lab/stowmark/internal/infra/cli/list.go:125.2,125.57 3 0
github.com/bruli-lab/stowmark/internal/infra/cli/list.go:126.3,128.1 2 0
github.com/bruli-lab/stowmark/internal/infra/cli/list.go:130.2,130.85 1 0
github.com/bruli-lab/stowmark/internal/infra/cli/observability.go:11.2,13.16 3 0
github.com/bruli-lab/stowmark/internal/infra/cli/observability.go:14.3,15.1 1 0
github.com/bruli-lab/stowmark/internal/infra/cli/observability.go:16.2,16.18 1 0
github.com/bruli-lab/stowmark/internal/infra/cli/print.go:15.2,23.1 3 0
github.com/bruli-lab/stowmark/internal/infra/cli/print.go:24.2,25.16 3 0
github.com/bruli-lab/stowmark/internal/infra/cli/print.go:26.3,27.1 1 0
github.com/bruli-lab/stowmark/internal/infra/cli/print.go:29.2,31.1 3 0
github.com/bruli-lab/stowmark/internal/infra/cli/print.go:32.2,44.16 3 0
github.com/bruli-lab/stowmark/internal/infra/cli/print.go:45.3,46.1 1 0
github.com/bruli-lab/stowmark/internal/infra/cli/print.go:48.2,48.22 1 0
github.com/bruli-lab/stowmark/internal/infra/cli/print.go:49.3,50.1 1 0
github.com/bruli-lab/stowmark/internal/infra/cli/print.go:52.2,55.16 1 0
github.com/bruli-lab/stowmark/internal/infra/cli/print.go:56.3,57.1 1 0
github.com/bruli-lab/stowmark/internal/infra/cli/print.go:59.2,59.31 1 0
github.com/bruli-lab/stowmark/internal/infra/cli/print.go:60.3,65.17 1 0
github.com/bruli-lab/stowmark/internal/infra/cli/print.go:66.4,67.1 1 0
github.com/bruli-lab/stowmark/internal/infra/cli/print.go:70.2,70.23 1 0
github.com/bruli-lab/stowmark/internal/infra/cli/rekey.go:16.2,25.52 2 0
github.com/bruli-lab/stowmark/internal/infra/cli/rekey.go:26.4,27.18 2 0
github.com/bruli-lab/stowmark/internal/infra/cli/rekey.go:28.5,29.1 1 0
github.com/bruli-lab/stowmark/internal/infra/cli/rekey.go:30.4,30.17 1 0
github.com/bruli-lab/stowmark/internal/infra/cli/rekey.go:31.5,32.1 1 0
github.com/bruli-lab/stowmark/internal/infra/cli/rekey.go:33.4,36.18 4 0
github.com/bruli-lab/stowmark/internal/infra/cli/rekey.go:37.5,38.1 1 0
github.com/bruli-lab/stowmark/internal/infra/cli/rekey.go:39.4,41.18 3 0
github.com/bruli-lab/stowmark/internal/infra/cli/rekey.go:42.5,43.1 1 0
github.com/bruli-lab/stowmark/internal/infra/cli/rekey.go:44.4,46.18 3 0
github.com/bruli-lab/stowmark/internal/infra/cli/rekey.go:47.5,48.1 1 0
github.com/bruli-lab/stowmark/internal/infra/cli/rekey.go:49.4,55.18 3 0
github.com/bruli-lab/stowmark/internal/infra/cli/rekey.go:56.5,57.1 1 0
github.com/bruli-lab/stowmark/internal/infra/cli/rekey.go:58.4,59.14 2 0
github.com/bruli-lab/stowmark/internal/infra/cli/rekey.go:63.2,81.1 7 0
github.com/bruli-lab/stowmark/internal/infra/cli/rekey.go:82.2,85.12 7 0
github.com/bruli-lab/stowmark/internal/infra/cli/restore.go:19.2,26.1 2 0
github.com/bruli-lab/stowmark/internal/infra/cli/restore.go:27.2,31.52 2 0
github.com/bruli-lab/stowmark/internal/infra/cli/restore.go:32.4,33.1 2 0
github.com/bruli-lab/stowmark/internal/infra/cli/restore.go:34.4,34.29 2 0
github.com/bruli-lab/stowmark/internal/infra/cli/restore.go:35.5,36.1 1 0
github.com/bruli-lab/stowmark/internal/infra/cli/restore.go:37.4,38.28 2 0
github.com/bruli-lab/stowmark/internal/infra/cli/restore.go:39.5,40.1 1 0
github.com/bruli-lab/stowmark/internal/infra/cli/restore.go:41.4,42.18 2 0
github.com/bruli-lab/stowmark/internal/infra/cli/restore.go:43.5,44.1 1 0
github.com/bruli-lab/stowmark/internal/infra/cli/restore.go:45.4,46.18 2 0
github.com/bruli-lab/stowmark/internal/infra/cli/restore.go:47.5,48.1 1 0
github.com/bruli-lab/stowmark/internal/infra/cli/restore.go:49.4,49.17 1 0
github.com/bruli-lab/stowmark/internal/infra/cli/restore.go:50.5,52.1 2 0
github.com/bruli-lab/stowmark/internal/infra/cli/restore.go:54.4,55.18 2 0
github.com/bruli-lab/stowmark/internal/infra/cli/restore.go:56.5,57.1 1 0
github.com/bruli-lab/stowmark/internal/infra/cli/restore.go:59.4,60.18 2 0
github.com/bruli-lab/stowmark/internal/infra/cli/restore.go:61.5,62.1 1 0
github.com/bruli-lab/stowmark/internal/infra/cli/restore.go:63.4,64.18 2 0
github.com/bruli-lab/stowmark/internal/infra/cli/restore.go:65.5,66.1 1 0
github.com/bruli-lab/stowmark/internal/infra/cli/restore.go:67.4,68.20 2 0
github.com/bruli-lab/stowmark/internal/infra/cli/restore.go:70.5,81.6 1 0
github.com/bruli-lab/stowmark/internal/infra/cli/restore.go:83.5,95.6 1 0
github.com/bruli-lab/stowmark/internal/infra/cli/restore.go:100.2,106.1 8 0
github.com/bruli-lab/stowmark/internal/infra/cli/restore.go:107.2,113.1 8 0
github.com/bruli-lab/stowmark/internal/infra/cli/restore.go:114.2,132.1 8 0
github.com/bruli-lab/stowmark/internal/infra/cli/restore.go:133.2,135.1 8 0
github.com/bruli-lab/stowmark/internal/infra/cli/restore.go:136.2,136.12 8 0
github.com/bruli-lab/stowmark/internal/infra/cli/restore.go:140.2,142.1 3 0
github.com/bruli-lab/stowmark/internal/infra/cli/restore.go:143.2,149.17 3 0
github.com/bruli-lab/stowmark/internal/infra/cli/restore.go:150.3,151.1 1 0
github.com/bruli-lab/stowmark/internal/infra/cli/restore.go:152.2,158.12 2 0
github.com/bruli-lab/stowmark/internal/infra/cli/restore.go:162.2,175.16 4 0
github.com/bruli-lab/stowmark/internal/infra/cli/restore.go:176.3,177.1 1 0
github.com/bruli-lab/stowmark/internal/infra/cli/restore.go:179.2,179.22 1 0
github.com/bruli-lab/stowmark/internal/infra/cli/restore.go:180.3,181.1 1 0
github.com/bruli-lab/stowmark/internal/infra/cli/restore.go:182.2,183.9 2 0
github.com/bruli-lab/stowmark/internal/infra/cli/restore.go:184.3,185.1 1 0
github.com/bruli-lab/stowmark/internal/infra/cli/restore.go:186.2,187.39 2 0
github.com/bruli-lab/stowmark/internal/infra/cli/restore.go:188.3,191.1 1 0
github.com/bruli-lab/stowmark/internal/infra/cli/restore.go:193.2,193.119 1 0
github.com/bruli-lab/stowmark/internal/infra/cli/restore.go:194.3,195.1 1 0
github.com/bruli-lab/stowmark/internal/infra/cli/restore.go:197.2,197.23 1 0
github.com/bruli-lab/stowmark/internal/infra/cli/restore.go:198.3,202.1 1 0
github.com/bruli-lab/stowmark/internal/infra/cli/restore.go:204.2,204.12 1 0
github.com/bruli-lab/stowmark/internal/infra/cli/rewrap.go:15.2,24.52 2 0
github.com/bruli-lab/stowmark/internal/infra/cli/rewrap.go:25.4,26.18 2 0
github.com/bruli-lab/stowmark/internal/infra/cli/rewrap.go:27.5,28.1 1 0
github.com/bruli-lab/stowmark/internal/infra/cli/rewrap.go:29.4,29.17 1 0
github.com/bruli-lab/stowmark/internal/infra/cli/rewrap.go:30.5,31.1 1 0
github.com/bruli-lab/stowmark/internal/infra/cli/rewrap.go:32.4,37.18 6 0
github.com/bruli-lab/stowmark/internal/infra/cli/rewrap.go:38.5,39.1 1 0
github.com/bruli-lab/stowmark/internal/infra/cli/rewrap.go:40.4,46.18 3 0
github.com/bruli-lab/stowmark/internal/infra/cli/rewrap.go:47.5,48.1 1 0
github.com/bruli-lab/stowmark/internal/infra/cli/rewrap.go:49.4,50.14 2 0
github.com/bruli-lab/stowmark/internal/infra/cli/rewrap.go:54.2,72.1 7 0
github.com/bruli-lab/stowmark/internal/infra/cli/rewrap.go:73.2,76.12 7 0
github.com/bruli-lab/stowmark/internal/infra/cli/snapshot.go:8.2,11.1 3 0
github.com/bruli-lab/stowmark/internal/infra/cli/snapshot.go:13.2,20.1 3 0
github.com/bruli-lab/stowmark/internal/infra/cli/snapshot.go:21.2,22.1 3 0
github.com/bruli-lab/stowmark/internal/infra/cli/verify.go:18.2,23.1 2 0
github.com/bruli-lab/stowmark/internal/infra/cli/verify.go:24.2,28.52 2 0
github.com/bruli-lab/stowmark/internal/infra/cli/verify.go:29.4,29.28 1 0
github.com/bruli-lab/stowmark/internal/infra/cli/verify.go:30.5,31.1 1 0
github.com/bruli-lab/stowmark/internal/infra/cli/verify.go:33.4,33.24 1 0
github.com/bruli-lab/stowmark/internal/infra/cli/verify.go:34.5,35.1 1 0
github.com/bruli-lab/stowmark/internal/infra/cli/verify.go:37.4,38.18 2 0
github.com/bruli-lab/stowmark/internal/infra/cli/verify.go:39.5,40.1 1 0
github.com/bruli-lab/stowmark/internal/infra/cli/verify.go:42.4,43.18 2 0
github.com/bruli-lab/stowmark/internal/infra/cli/verify.go:44.5,45.1 1 0
github.com/bruli-lab/stowmark/internal/infra/cli/verify.go:46.4,46.17 1 0
github.com/bruli-lab/stowmark/internal/infra/cli/verify.go:47.5,49.1 2 0
github.com/bruli-lab/stowmark/internal/infra/cli/verify.go:51.4,52.18 2 0
github.com/bruli-lab/stowmark/internal/infra/cli/verify.go:53.5,54.1 1 0
github.com/bruli-lab/stowmark/internal/infra/cli/verify.go:56.4,57.18 2 0
github.com/bruli-lab/stowmark/internal/infra/cli/verify.go:58.5,59.1 1 0
github.com/bruli-lab/stowmark/internal/infra/cli/verify.go:61.4,68.24 3 0
github.com/bruli-lab/stowmark/internal/infra/cli/verify.go:69.5,70.1 1 0
github.com/bruli-lab/stowmark/internal/infra/cli/verify.go:71.4,72.18 2 0
github.com/bruli-lab/stowmark/internal/infra/cli/verify.go:73.5,74.1 1 0
github.com/bruli-lab/stowmark/internal/infra/cli/verify.go:76.4,77.1 3 0
github.com/bruli-lab/stowmark/internal/infra/cli/verify.go:78.4,83.18 3 0
github.com/bruli-lab/stowmark/internal/infra/cli/verify.go:84.5,85.1 1 0
github.com/bruli-lab/stowmark/internal/infra/cli/verify.go:86.4,87.11 2 0
github.com/bruli-lab/stowmark/internal/infra/cli/verify.go:88.5,89.1 1 0
github.com/bruli-lab/stowmark/internal/infra/cli/verify.go:90.4,91.38 2 0
github.com/bruli-lab/stowmark/internal/infra/cli/verify.go:92.5,95.1 1 0
github.com/bruli-lab/stowmark/internal/infra/cli/verify.go:97.4,103.18 1 0
github.com/bruli-lab/stowmark/internal/infra/cli/verify.go:104.5,105.1 1 0
github.com/bruli-lab/stowmark/internal/infra/cli/verify.go:107.4,107.27 1 0
github.com/bruli-lab/stowmark/internal/infra/cli/verify.go:108.5,109.1 1 0
github.com/bruli-lab/stowmark/internal/infra/cli/verify.go:111.4,111.14 1 0
github.com/bruli-lab/stowmark/internal/infra/cli/verify.go:115.2,121.1 6 0
github.com/bruli-lab/stowmark/internal/infra/cli/verify.go:122.2,136.1 6 0
github.com/bruli-lab/stowmark/internal/infra/cli/verify.go:137.2,137.12 6 0
github.com/bruli-lab/stowmark/internal/infra/chunkio/source.go:12.2,12.17 1 0
github.com/bruli-lab/stowmark/internal/infra/chunkio/source.go:13.3,14.1 1 0
github.com/bruli-lab/stowmark/internal/infra/chunkio/source.go:16.2,16.19 1 0
github.com/bruli-lab/stowmark/internal/infra/chunkio/source.go:17.3,18.1 1 0
github.com/bruli-lab/stowmark/internal/infra/chunkio/source.go:20.2,20.16 1 0
github.com/bruli-lab/stowmark/internal/infra/chunkio/source.go:21.3,22.1 1 0
github.com/bruli-lab/stowmark/internal/infra/chunkio/source.go:24.2,24.15 1 0
github.com/bruli-lab/stowmark/internal/infra/chunkio/source.go:25.3,26.1 1 0
github.com/bruli-lab/stowmark/internal/infra/chunkio/source.go:28.2,29.16 2 0
github.com/bruli-lab/stowmark/internal/infra/chunkio/source.go:30.3,31.1 1 0
github.com/bruli-lab/stowmark/internal/infra/chunkio/source.go:33.2,34.16 2 0
github.com/bruli-lab/stowmark/internal/infra/chunkio/source.go:35.3,36.1 2 0
github.com/bruli-lab/stowmark/internal/infra/chunkio/source.go:37.3,38.1 2 0
github.com/bruli-lab/stowmark/internal/infra/chunkio/source.go:40.2,40.30 1 0
github.com/bruli-lab/stowmark/internal/infra/chunkio/source.go:41.3,42.1 2 0
github.com/bruli-lab/stowmark/internal/infra/chunkio/source.go:43.3,44.1 2 0
github.com/bruli-lab/stowmark/internal/infra/chunkio/source.go:46.2,47.29 1 0
github.com/bruli-lab/stowmark/internal/infra/chunkio/source.go:48.3,49.1 2 0
github.com/bruli-lab/stowmark/internal/infra/chunkio/source.go:50.3,51.1 2 0
github.com/bruli-lab/stowmark/internal/infra/chunkio/source.go:53.2,53.20 1 0
github.com/bruli-lab/stowmark/internal/infra/codec/config.go:14.2,14.34 1 0
github.com/bruli-lab/stowmark/internal/infra/codec/config.go:15.3,16.1 1 0
github.com/bruli-lab/stowmark/internal/infra/codec/config.go:17.2,18.27 2 0
github.com/bruli-lab/stowmark/internal/infra/codec/config.go:19.3,25.1 1 0
github.com/bruli-lab/stowmark/internal/infra/codec/config.go:28.2,37.1 3 0
github.com/bruli-lab/stowmark/internal/infra/codec/config.go:39.2,40.16 3 0
github.com/bruli-lab/stowmark/internal/infra/codec/config.go:41.3,42.1 1 0
github.com/bruli-lab/stowmark/internal/infra/codec/config.go:44.2,45.18 2 0
github.com/bruli-lab/stowmark/internal/infra/disk/asymmetric_key_pair_repository.go:26.2,26.34 1 0
github.com/bruli-lab/stowmark/internal/infra/disk/asymmetric_key_pair_repository.go:27.3,28.1 1 0
github.com/bruli-lab/stowmark/internal/infra/disk/asymmetric_key_pair_repository.go:29.2,30.16 2 0
github.com/bruli-lab/stowmark/internal/infra/disk/asymmetric_key_pair_repository.go:31.3,32.1 1 0
github.com/bruli-lab/stowmark/internal/infra/disk/asymmetric_key_pair_repository.go:33.2,33.20 1 0
github.com/bruli-lab/stowmark/internal/infra/disk/asymmetric_key_pair_repository.go:34.3,35.1 1 0
github.com/bruli-lab/stowmark/internal/infra/disk/asymmetric_key_pair_repository.go:37.2,38.18 2 0
github.com/bruli-lab/stowmark/internal/infra/disk/asymmetric_key_pair_repository.go:39.3,40.1 1 0
github.com/bruli-lab/stowmark/internal/infra/disk/asymmetric_key_pair_repository.go:42.2,42.33 1 0
github.com/bruli-lab/stowmark/internal/infra/disk/asymmetric_key_pair_repository.go:43.3,44.1 1 0
github.com/bruli-lab/stowmark/internal/infra/disk/asymmetric_key_pair_repository.go:46.2,46.37 1 0
github.com/bruli-lab/stowmark/internal/infra/disk/asymmetric_key_pair_repository.go:47.3,48.1 1 0
github.com/bruli-lab/stowmark/internal/infra/disk/asymmetric_key_pair_repository.go:50.2,51.16 2 0
github.com/bruli-lab/stowmark/internal/infra/disk/asymmetric_key_pair_repository.go:52.3,53.1 1 0
github.com/bruli-lab/stowmark/internal/infra/disk/asymmetric_key_pair_repository.go:55.2,56.9 2 0
github.com/bruli-lab/stowmark/internal/infra/disk/asymmetric_key_pair_repository.go:57.3,58.1 1 0
github.com/bruli-lab/stowmark/internal/infra/disk/asymmetric_key_pair_repository.go:60.2,60.46 1 0
github.com/bruli-lab/stowmark/internal/infra/disk/asymmetric_key_pair_repository.go:61.3,62.1 1 0
github.com/bruli-lab/stowmark/internal/infra/disk/asymmetric_key_pair_repository.go:64.2,64.24 1 0
github.com/bruli-lab/stowmark/internal/infra/disk/asymmetric_key_pair_repository.go:68.2,68.34 1 0
github.com/bruli-lab/stowmark/internal/infra/disk/asymmetric_key_pair_repository.go:69.3,70.1 1 0
github.com/bruli-lab/stowmark/internal/infra/disk/asymmetric_key_pair_repository.go:71.2,72.16 2 0
github.com/bruli-lab/stowmark/internal/infra/disk/asymmetric_key_pair_repository.go:73.3,74.1 1 0
github.com/bruli-lab/stowmark/internal/infra/disk/asymmetric_key_pair_repository.go:76.2,77.18 2 0
github.com/bruli-lab/stowmark/internal/infra/disk/asymmetric_key_pair_repository.go:78.3,79.1 1 0
github.com/bruli-lab/stowmark/internal/infra/disk/asymmetric_key_pair_repository.go:81.2,81.20 1 0
github.com/bruli-lab/stowmark/internal/infra/disk/asymmetric_key_pair_repository.go:82.3,83.1 1 0
github.com/bruli-lab/stowmark/internal/infra/disk/asymmetric_key_pair_repository.go:85.2,86.1 2 0
github.com/bruli-lab/stowmark/internal/infra/disk/asymmetric_key_pair_repository.go:87.2,87.20 2 0
github.com/bruli-lab/stowmark/internal/infra/disk/asymmetric_key_pair_repository.go:89.3,90.17 2 0
github.com/bruli-lab/stowmark/internal/infra/disk/asymmetric_key_pair_repository.go:91.4,92.1 1 0
github.com/bruli-lab/stowmark/internal/infra/disk/asymmetric_key_pair_repository.go:94.3,96.10 3 0
github.com/bruli-lab/stowmark/internal/infra/disk/asymmetric_key_pair_repository.go:97.4,98.1 1 0
github.com/bruli-lab/stowmark/internal/infra/disk/asymmetric_key_pair_repository.go:101.3,102.17 2 0
github.com/bruli-lab/stowmark/internal/infra/disk/asymmetric_key_pair_repository.go:103.4,104.1 1 0
github.com/bruli-lab/stowmark/internal/infra/disk/asymmetric_key_pair_repository.go:106.3,106.24 1 0
github.com/bruli-lab/stowmark/internal/infra/disk/asymmetric_key_pair_repository.go:109.3,109.75 1 0
github.com/bruli-lab/stowmark/internal/infra/disk/asymmetric_key_pair_repository.go:112.2,112.51 1 0
github.com/bruli-lab/stowmark/internal/infra/disk/asymmetric_key_pair_repository.go:113.3,117.1 1 0
github.com/bruli-lab/stowmark/internal/infra/disk/asymmetric_key_pair_repository.go:119.2,119.23 1 0
github.com/bruli-lab/stowmark/internal/infra/disk/asymmetric_key_pair_repository.go:123.2,123.34 1 0
github.com/bruli-lab/stowmark/internal/infra/disk/asymmetric_key_pair_repository.go:124.3,125.1 1 0
github.com/bruli-lab/stowmark/internal/infra/disk/asymmetric_key_pair_repository.go:126.2,127.16 2 0
github.com/bruli-lab/stowmark/internal/infra/disk/asymmetric_key_pair_repository.go:128.3,129.1 1 0
github.com/bruli-lab/stowmark/internal/infra/disk/asymmetric_key_pair_repository.go:131.2,132.1 2 0
github.com/bruli-lab/stowmark/internal/infra/disk/asymmetric_key_pair_repository.go:133.2,133.70 2 0
github.com/bruli-lab/stowmark/internal/infra/disk/asymmetric_key_pair_repository.go:137.2,137.71 1 0
github.com/bruli-lab/stowmark/internal/infra/disk/asymmetric_key_pair_repository.go:138.3,139.1 1 0
github.com/bruli-lab/stowmark/internal/infra/disk/asymmetric_key_pair_repository.go:143.2,143.70 1 0
github.com/bruli-lab/stowmark/internal/infra/disk/asymmetric_key_pair_repository.go:144.3,145.1 1 0
github.com/bruli-lab/stowmark/internal/infra/disk/asymmetric_key_pair_repository.go:149.2,149.34 1 0
github.com/bruli-lab/stowmark/internal/infra/disk/asymmetric_key_pair_repository.go:150.3,151.1 1 0
github.com/bruli-lab/stowmark/internal/infra/disk/asymmetric_key_pair_repository.go:153.2,154.54 2 0
github.com/bruli-lab/stowmark/internal/infra/disk/asymmetric_key_pair_repository.go:155.3,156.1 1 0
github.com/bruli-lab/stowmark/internal/infra/disk/asymmetric_key_pair_repository.go:158.2,159.16 2 0
github.com/bruli-lab/stowmark/internal/infra/disk/asymmetric_key_pair_repository.go:160.3,161.1 1 0
github.com/bruli-lab/stowmark/internal/infra/disk/asymmetric_key_pair_repository.go:163.2,163.61 1 0
github.com/bruli-lab/stowmark/internal/infra/disk/asymmetric_key_pair_repository.go:164.3,165.1 1 0
github.com/bruli-lab/stowmark/internal/infra/disk/asymmetric_key_pair_repository.go:167.2,167.12 1 0
github.com/bruli-lab/stowmark/internal/infra/disk/asymmetric_key_pair_repository.go:171.2,175.1 2 0
github.com/bruli-lab/stowmark/internal/infra/disk/asymmetric_key_pair_repository.go:176.2,177.1 2 0
github.com/bruli-lab/stowmark/internal/infra/disk/asymmetric_key_pair_repository.go:180.2,181.1 1 0
github.com/bruli-lab/stowmark/internal/infra/disk/folder_repository_repository.go:19.2,19.34 1 0
github.com/bruli-lab/stowmark/internal/infra/disk/folder_repository_repository.go:20.3,21.1 1 0
github.com/bruli-lab/stowmark/internal/infra/disk/folder_repository_repository.go:22.2,23.16 2 0
github.com/bruli-lab/stowmark/internal/infra/disk/folder_repository_repository.go:24.3,25.1 1 0
github.com/bruli-lab/stowmark/internal/infra/disk/folder_repository_repository.go:26.2,28.16 3 0
github.com/bruli-lab/stowmark/internal/infra/disk/folder_repository_repository.go:29.3,29.10 1 0
github.com/bruli-lab/stowmark/internal/infra/disk/folder_repository_repository.go:31.4,31.68 1 0
github.com/bruli-lab/stowmark/internal/infra/disk/folder_repository_repository.go:33.4,33.60 1 0
github.com/bruli-lab/stowmark/internal/infra/disk/folder_repository_repository.go:36.2,37.52 2 0
github.com/bruli-lab/stowmark/internal/infra/disk/folder_repository_repository.go:38.3,39.1 1 0
github.com/bruli-lab/stowmark/internal/infra/disk/folder_repository_repository.go:40.2,40.38 1 0
github.com/bruli-lab/stowmark/internal/infra/disk/folder_repository_repository.go:44.2,44.34 1 0
github.com/bruli-lab/stowmark/internal/infra/disk/folder_repository_repository.go:45.3,46.1 1 0
github.com/bruli-lab/stowmark/internal/infra/disk/folder_repository_repository.go:47.2,48.36 2 0
github.com/bruli-lab/stowmark/internal/infra/disk/folder_repository_repository.go:49.3,50.1 1 0
github.com/bruli-lab/stowmark/internal/infra/disk/folder_repository_repository.go:51.2,51.16 1 0
github.com/bruli-lab/stowmark/internal/infra/disk/folder_repository_repository.go:52.3,53.1 1 0
github.com/bruli-lab/stowmark/internal/infra/disk/folder_repository_repository.go:54.2,54.26 1 0
github.com/bruli-lab/stowmark/internal/infra/disk/folder_repository_repository.go:58.2,58.34 1 0
github.com/bruli-lab/stowmark/internal/infra/disk/folder_repository_repository.go:59.3,60.1 1 0
github.com/bruli-lab/stowmark/internal/infra/disk/folder_repository_repository.go:61.2,61.33 1 0
github.com/bruli-lab/stowmark/internal/infra/disk/folder_repository_repository.go:65.2,66.16 2 0
github.com/bruli-lab/stowmark/internal/infra/disk/folder_repository_repository.go:67.3,68.1 1 0
github.com/bruli-lab/stowmark/internal/infra/disk/folder_repository_repository.go:70.2,71.62 2 0
github.com/bruli-lab/stowmark/internal/infra/disk/folder_repository_repository.go:72.3,73.1 1 0
github.com/bruli-lab/stowmark/internal/infra/disk/folder_repository_repository.go:75.2,75.12 1 0
github.com/bruli-lab/stowmark/internal/infra/disk/folder_repository_repository.go:79.2,80.1 1 0
github.com/bruli-lab/stowmark/internal/infra/disk/manifest_repository.go:22.2,22.34 1 0
github.com/bruli-lab/stowmark/internal/infra/disk/manifest_repository.go:23.3,24.1 1 0
github.com/bruli-lab/stowmark/internal/infra/disk/manifest_repository.go:25.2,31.16 4 0
github.com/bruli-lab/stowmark/internal/infra/disk/manifest_repository.go:32.3,32.10 1 0
github.com/bruli-lab/stowmark/internal/infra/disk/manifest_repository.go:34.4,34.65 1 0
github.com/bruli-lab/stowmark/internal/infra/disk/manifest_repository.go:36.4,40.5 1 0
github.com/bruli-lab/stowmark/internal/infra/disk/manifest_repository.go:43.2,44.51 2 0
github.com/bruli-lab/stowmark/internal/infra/disk/manifest_repository.go:45.3,50.1 1 0
github.com/bruli-lab/stowmark/internal/infra/disk/manifest_repository.go:51.2,51.50 1 0
github.com/bruli-lab/stowmark/internal/infra/disk/manifest_repository.go:55.2,55.34 1 0
github.com/bruli-lab/stowmark/internal/infra/disk/manifest_repository.go:56.3,57.1 1 0
github.com/bruli-lab/stowmark/internal/infra/disk/manifest_repository.go:58.2,63.16 3 0
github.com/bruli-lab/stowmark/internal/infra/disk/manifest_repository.go:64.3,68.1 1 0
github.com/bruli-lab/stowmark/internal/infra/disk/manifest_repository.go:69.2,70.32 2 0
github.com/bruli-lab/stowmark/internal/infra/disk/manifest_repository.go:71.3,71.20 1 0
github.com/bruli-lab/stowmark/internal/infra/disk/manifest_repository.go:72.4,72.12 1 0
github.com/bruli-lab/stowmark/internal/infra/disk/manifest_repository.go:74.3,79.17 3 0
github.com/bruli-lab/stowmark/internal/infra/disk/manifest_repository.go:80.4,85.1 1 0
github.com/bruli-lab/stowmark/internal/infra/disk/manifest_repository.go:86.3,87.17 2 0
github.com/bruli-lab/stowmark/internal/infra/disk/manifest_repository.go:88.4,89.1 1 0
github.com/bruli-lab/stowmark/internal/infra/disk/manifest_repository.go:90.3,90.22 1 0
github.com/bruli-lab/stowmark/internal/infra/disk/manifest_repository.go:92.2,92.62 1 0
github.com/bruli-lab/stowmark/internal/infra/disk/manifest_repository.go:93.3,94.1 1 0
github.com/bruli-lab/stowmark/internal/infra/disk/manifest_repository.go:95.2,95.23 1 0
github.com/bruli-lab/stowmark/internal/infra/disk/manifest_repository.go:99.2,99.34 1 0
github.com/bruli-lab/stowmark/internal/infra/disk/manifest_repository.go:100.3,101.1 1 0
github.com/bruli-lab/stowmark/internal/infra/disk/manifest_repository.go:102.2,104.16 3 0
github.com/bruli-lab/stowmark/internal/infra/disk/manifest_repository.go:105.3,106.1 1 0
github.com/bruli-lab/stowmark/internal/infra/disk/manifest_repository.go:107.2,109.126 3 0
github.com/bruli-lab/stowmark/internal/infra/disk/manifest_repository.go:113.2,114.16 2 0
github.com/bruli-lab/stowmark/internal/infra/disk/manifest_repository.go:115.3,116.1 1 0
github.com/bruli-lab/stowmark/internal/infra/disk/manifest_repository.go:117.2,117.58 1 0
github.com/bruli-lab/stowmark/internal/infra/disk/manifest_repository.go:121.2,122.16 2 0
github.com/bruli-lab/stowmark/internal/infra/disk/manifest_repository.go:123.3,124.1 1 0
github.com/bruli-lab/stowmark/internal/infra/disk/manifest_repository.go:125.2,125.26 1 0
github.com/bruli-lab/stowmark/internal/infra/disk/object_repository.go:32.2,32.34 1 0
github.com/bruli-lab/stowmark/internal/infra/disk/object_repository.go:33.3,34.1 1 0
github.com/bruli-lab/stowmark/internal/infra/disk/object_repository.go:36.2,37.1 3 0
github.com/bruli-lab/stowmark/internal/infra/disk/object_repository.go:38.2,39.1 3 0
github.com/bruli-lab/stowmark/internal/infra/disk/object_repository.go:40.2,40.104 3 0
github.com/bruli-lab/stowmark/internal/infra/disk/object_repository.go:41.3,41.21 1 0
github.com/bruli-lab/stowmark/internal/infra/disk/object_repository.go:42.4,43.1 1 0
github.com/bruli-lab/stowmark/internal/infra/disk/object_repository.go:45.3,45.35 1 0
github.com/bruli-lab/stowmark/internal/infra/disk/object_repository.go:46.4,47.1 1 0
github.com/bruli-lab/stowmark/internal/infra/disk/object_repository.go:49.3,49.20 1 0
github.com/bruli-lab/stowmark/internal/infra/disk/object_repository.go:50.4,51.1 1 0
github.com/bruli-lab/stowmark/internal/infra/disk/object_repository.go:53.3,54.17 2 0
github.com/bruli-lab/stowmark/internal/infra/disk/object_repository.go:55.4,56.1 1 0
github.com/bruli-lab/stowmark/internal/infra/disk/object_repository.go:58.3,59.62 2 0
github.com/bruli-lab/stowmark/internal/infra/disk/object_repository.go:60.4,61.1 1 0
github.com/bruli-lab/stowmark/internal/infra/disk/object_repository.go:63.3,64.1 2 0
github.com/bruli-lab/stowmark/internal/infra/disk/object_repository.go:65.3,65.13 2 0
github.com/bruli-lab/stowmark/internal/infra/disk/object_repository.go:67.2,67.16 1 0
github.com/bruli-lab/stowmark/internal/infra/disk/object_repository.go:68.3,68.37 1 0
github.com/bruli-lab/stowmark/internal/infra/disk/object_repository.go:69.4,70.1 1 0
github.com/bruli-lab/stowmark/internal/infra/disk/object_repository.go:72.3,72.91 1 0
github.com/bruli-lab/stowmark/internal/infra/disk/object_repository.go:75.2,76.1 2 0
github.com/bruli-lab/stowmark/internal/infra/disk/object_repository.go:77.2,77.20 2 0
github.com/bruli-lab/stowmark/internal/infra/disk/object_repository.go:81.2,81.34 1 0
github.com/bruli-lab/stowmark/internal/infra/disk/object_repository.go:82.3,83.1 1 0
github.com/bruli-lab/stowmark/internal/infra/disk/object_repository.go:85.2,85.19 1 0
github.com/bruli-lab/stowmark/internal/infra/disk/object_repository.go:86.3,87.1 1 0
github.com/bruli-lab/stowmark/internal/infra/disk/object_repository.go:89.2,89.19 1 0
github.com/bruli-lab/stowmark/internal/infra/disk/object_repository.go:90.3,91.1 1 0
github.com/bruli-lab/stowmark/internal/infra/disk/object_repository.go:92.2,93.1 4 0
github.com/bruli-lab/stowmark/internal/infra/disk/object_repository.go:94.2,95.1 4 0
github.com/bruli-lab/stowmark/internal/infra/disk/object_repository.go:96.2,97.16 4 0
github.com/bruli-lab/stowmark/internal/infra/disk/object_repository.go:98.3,98.37 1 0
github.com/bruli-lab/stowmark/internal/infra/disk/object_repository.go:99.4,100.1 1 0
github.com/bruli-lab/stowmark/internal/infra/disk/object_repository.go:102.3,102.74 1 0
github.com/bruli-lab/stowmark/internal/infra/disk/object_repository.go:105.2,106.16 2 0
github.com/bruli-lab/stowmark/internal/infra/disk/object_repository.go:107.3,108.1 2 0
github.com/bruli-lab/stowmark/internal/infra/disk/object_repository.go:109.3,110.1 2 0
github.com/bruli-lab/stowmark/internal/infra/disk/object_repository.go:112.2,115.8 1 0
github.com/bruli-lab/stowmark/internal/infra/disk/object_repository.go:119.2,119.34 1 0
github.com/bruli-lab/stowmark/internal/infra/disk/object_repository.go:120.3,121.1 1 0
github.com/bruli-lab/stowmark/internal/infra/disk/object_repository.go:123.2,123.19 1 0
github.com/bruli-lab/stowmark/internal/infra/disk/object_repository.go:124.3,125.1 1 0
github.com/bruli-lab/stowmark/internal/infra/disk/object_repository.go:127.2,127.19 1 0
github.com/bruli-lab/stowmark/internal/infra/disk/object_repository.go:128.3,129.1 1 0
github.com/bruli-lab/stowmark/internal/infra/disk/object_repository.go:131.2,131.19 1 0
github.com/bruli-lab/stowmark/internal/infra/disk/object_repository.go:132.3,133.1 1 0
github.com/bruli-lab/stowmark/internal/infra/disk/object_repository.go:135.2,138.1 4 0
github.com/bruli-lab/stowmark/internal/infra/disk/object_repository.go:139.2,139.58 4 0
github.com/bruli-lab/stowmark/internal/infra/disk/object_repository.go:140.3,141.1 1 0
github.com/bruli-lab/stowmark/internal/infra/disk/object_repository.go:143.2,144.16 2 0
github.com/bruli-lab/stowmark/internal/infra/disk/object_repository.go:145.3,146.1 1 0
github.com/bruli-lab/stowmark/internal/infra/disk/object_repository.go:148.2,150.1 3 0
github.com/bruli-lab/stowmark/internal/infra/disk/object_repository.go:151.2,151.15 3 0
github.com/bruli-lab/stowmark/internal/infra/disk/object_repository.go:152.3,152.16 1 0
github.com/bruli-lab/stowmark/internal/infra/disk/object_repository.go:153.4,154.1 1 0
github.com/bruli-lab/stowmark/internal/infra/disk/object_repository.go:156.3,157.26 2 0
github.com/bruli-lab/stowmark/internal/infra/disk/object_repository.go:160.2,161.16 2 0
github.com/bruli-lab/stowmark/internal/infra/disk/object_repository.go:162.3,163.1 1 0
github.com/bruli-lab/stowmark/internal/infra/disk/object_repository.go:165.2,167.1 3 0
github.com/bruli-lab/stowmark/internal/infra/disk/object_repository.go:168.2,168.58 3 0
github.com/bruli-lab/stowmark/internal/infra/disk/object_repository.go:169.3,171.1 2 0
github.com/bruli-lab/stowmark/internal/infra/disk/object_repository.go:173.2,173.41 1 0
github.com/bruli-lab/stowmark/internal/infra/disk/object_repository.go:174.3,175.1 1 0
github.com/bruli-lab/stowmark/internal/infra/disk/object_repository.go:177.2,178.24 2 0
github.com/bruli-lab/stowmark/internal/infra/disk/object_repository.go:179.3,180.1 1 0
github.com/bruli-lab/stowmark/internal/infra/disk/object_repository.go:182.2,182.34 1 0
github.com/bruli-lab/stowmark/internal/infra/disk/object_repository.go:183.3,184.1 1 0
github.com/bruli-lab/stowmark/internal/infra/disk/object_repository.go:186.2,186.36 1 0
github.com/bruli-lab/stowmark/internal/infra/disk/object_repository.go:187.3,188.1 1 0
github.com/bruli-lab/stowmark/internal/infra/disk/object_repository.go:190.2,190.37 1 0
github.com/bruli-lab/stowmark/internal/infra/disk/object_repository.go:191.3,192.1 1 0
github.com/bruli-lab/stowmark/internal/infra/disk/object_repository.go:194.2,194.56 1 0
github.com/bruli-lab/stowmark/internal/infra/disk/object_repository.go:195.3,196.1 1 0
github.com/bruli-lab/stowmark/internal/infra/disk/object_repository.go:198.2,199.1 2 0
github.com/bruli-lab/stowmark/internal/infra/disk/object_repository.go:200.2,200.12 2 0
github.com/bruli-lab/stowmark/internal/infra/disk/object_repository.go:204.2,204.34 1 0
github.com/bruli-lab/stowmark/internal/infra/disk/object_repository.go:205.3,206.1 1 0
github.com/bruli-lab/stowmark/internal/infra/disk/object_repository.go:208.2,209.1 2 0
github.com/bruli-lab/stowmark/internal/infra/disk/object_repository.go:210.2,210.53 2 0
github.com/bruli-lab/stowmark/internal/infra/disk/object_repository.go:211.3,212.1 1 0
github.com/bruli-lab/stowmark/internal/infra/disk/object_repository.go:214.2,214.34 1 0
github.com/bruli-lab/stowmark/internal/infra/disk/object_repository.go:215.3,216.1 1 0
github.com/bruli-lab/stowmark/internal/infra/disk/object_repository.go:218.2,218.12 1 0
github.com/bruli-lab/stowmark/internal/infra/disk/object_repository.go:222.2,222.69 1 0
github.com/bruli-lab/stowmark/internal/infra/disk/object_repository.go:223.3,224.1 1 0
github.com/bruli-lab/stowmark/internal/infra/disk/object_repository.go:226.2,226.12 1 0
github.com/bruli-lab/stowmark/internal/infra/disk/object_repository.go:230.2,230.34 1 0
github.com/bruli-lab/stowmark/internal/infra/disk/object_repository.go:231.3,232.1 1 0
github.com/bruli-lab/stowmark/internal/infra/disk/object_repository.go:234.2,234.19 1 0
github.com/bruli-lab/stowmark/internal/infra/disk/object_repository.go:235.3,236.1 1 0
github.com/bruli-lab/stowmark/internal/infra/disk/object_repository.go:238.2,239.1 3 0
github.com/bruli-lab/stowmark/internal/infra/disk/object_repository.go:240.2,241.16 3 0
github.com/bruli-lab/stowmark/internal/infra/disk/object_repository.go:242.3,242.37 1 0
github.com/bruli-lab/stowmark/internal/infra/disk/object_repository.go:243.4,244.1 1 0
github.com/bruli-lab/stowmark/internal/infra/disk/object_repository.go:246.3,246.69 1 0
github.com/bruli-lab/stowmark/internal/infra/disk/object_repository.go:249.2,249.28 1 0
github.com/bruli-lab/stowmark/internal/infra/disk/object_repository.go:250.3,251.1 1 0
github.com/bruli-lab/stowmark/internal/infra/disk/object_repository.go:253.2,254.16 2 0
github.com/bruli-lab/stowmark/internal/infra/disk/object_repository.go:255.3,257.1 2 0
github.com/bruli-lab/stowmark/internal/infra/disk/object_repository.go:259.2,262.8 1 0
github.com/bruli-lab/stowmark/internal/infra/disk/object_repository.go:266.2,266.34 1 0
github.com/bruli-lab/stowmark/internal/infra/disk/object_repository.go:267.3,268.1 1 0
github.com/bruli-lab/stowmark/internal/infra/disk/object_repository.go:270.2,270.19 1 0
github.com/bruli-lab/stowmark/internal/infra/disk/object_repository.go:271.3,272.1 1 0
github.com/bruli-lab/stowmark/internal/infra/disk/object_repository.go:274.2,275.1 4 0
github.com/bruli-lab/stowmark/internal/infra/disk/object_repository.go:276.2,277.1 4 0
github.com/bruli-lab/stowmark/internal/infra/disk/object_repository.go:278.2,279.9 4 0
github.com/bruli-lab/stowmark/internal/infra/disk/object_repository.go:281.3,281.19 1 0
github.com/bruli-lab/stowmark/internal/infra/disk/object_repository.go:283.3,283.20 1 0
github.com/bruli-lab/stowmark/internal/infra/disk/object_repository.go:285.3,285.84 1 0
github.com/bruli-lab/stowmark/internal/infra/disk/object_repository.go:290.2,290.34 1 0
github.com/bruli-lab/stowmark/internal/infra/disk/object_repository.go:291.3,292.1 1 0
github.com/bruli-lab/stowmark/internal/infra/disk/object_repository.go:294.2,297.60 4 0
github.com/bruli-lab/stowmark/internal/infra/disk/object_repository.go:298.3,303.1 1 0
github.com/bruli-lab/stowmark/internal/infra/disk/object_repository.go:305.2,306.16 2 0
github.com/bruli-lab/stowmark/internal/infra/disk/object_repository.go:307.3,308.1 1 0
github.com/bruli-lab/stowmark/internal/infra/disk/object_repository.go:309.2,309.15 1 0
github.com/bruli-lab/stowmark/internal/infra/disk/object_repository.go:310.3,311.1 1 0
github.com/bruli-lab/stowmark/internal/infra/disk/object_repository.go:313.2,318.16 2 0
github.com/bruli-lab/stowmark/internal/infra/disk/object_repository.go:319.3,319.34 1 0
github.com/bruli-lab/stowmark/internal/infra/disk/object_repository.go:320.4,321.1 1 0
github.com/bruli-lab/stowmark/internal/infra/disk/object_repository.go:323.3,323.66 1 0
github.com/bruli-lab/stowmark/internal/infra/disk/object_repository.go:326.2,327.15 2 0
github.com/bruli-lab/stowmark/internal/infra/disk/object_repository.go:328.3,329.1 2 0
github.com/bruli-lab/stowmark/internal/infra/disk/object_repository.go:330.3,330.22 2 0
github.com/bruli-lab/stowmark/internal/infra/disk/object_repository.go:331.4,332.1 1 0
github.com/bruli-lab/stowmark/internal/infra/disk/object_repository.go:335.2,336.16 2 0
github.com/bruli-lab/stowmark/internal/infra/disk/object_repository.go:337.3,338.1 1 0
github.com/bruli-lab/stowmark/internal/infra/disk/object_repository.go:340.2,342.1 3 0
github.com/bruli-lab/stowmark/internal/infra/disk/object_repository.go:343.2,343.27 3 0
github.com/bruli-lab/stowmark/internal/infra/disk/object_repository.go:344.3,345.17 2 0
github.com/bruli-lab/stowmark/internal/infra/disk/object_repository.go:346.4,347.1 1 0
github.com/bruli-lab/stowmark/internal/infra/disk/object_repository.go:349.3,350.37 2 0
github.com/bruli-lab/stowmark/internal/infra/disk/object_repository.go:352.2,353.16 2 0
github.com/bruli-lab/stowmark/internal/infra/disk/object_repository.go:354.3,354.29 1 0
github.com/bruli-lab/stowmark/internal/infra/disk/object_repository.go:355.4,356.1 1 0
github.com/bruli-lab/stowmark/internal/infra/disk/object_repository.go:357.3,357.13 1 0
github.com/bruli-lab/stowmark/internal/infra/disk/object_repository.go:359.2,359.58 1 0
github.com/bruli-lab/stowmark/internal/infra/disk/object_repository.go:360.3,361.1 1 0
github.com/bruli-lab/stowmark/internal/infra/disk/object_repository.go:363.2,363.26 1 0
github.com/bruli-lab/stowmark/internal/infra/disk/object_repository.go:364.3,364.41 1 0
github.com/bruli-lab/stowmark/internal/infra/disk/object_repository.go:365.4,370.1 1 0
github.com/bruli-lab/stowmark/internal/infra/disk/object_repository.go:372.2,372.28 1 0
github.com/bruli-lab/stowmark/internal/infra/disk/object_repository.go:373.3,374.1 1 0
github.com/bruli-lab/stowmark/internal/infra/disk/object_repository.go:376.2,377.12 2 0
github.com/bruli-lab/stowmark/internal/infra/disk/object_repository.go:381.2,381.34 1 0
github.com/bruli-lab/stowmark/internal/infra/disk/object_repository.go:382.3,383.1 1 0
github.com/bruli-lab/stowmark/internal/infra/disk/object_repository.go:384.2,384.17 1 0
github.com/bruli-lab/stowmark/internal/infra/disk/object_repository.go:385.3,386.1 1 0
github.com/bruli-lab/stowmark/internal/infra/disk/object_repository.go:388.2,388.16 1 0
github.com/bruli-lab/stowmark/internal/infra/disk/object_repository.go:389.3,390.1 1 0
github.com/bruli-lab/stowmark/internal/infra/disk/object_repository.go:392.2,393.16 2 0
github.com/bruli-lab/stowmark/internal/infra/disk/object_repository.go:394.3,395.1 1 0
github.com/bruli-lab/stowmark/internal/infra/disk/object_repository.go:397.2,398.1 2 0
github.com/bruli-lab/stowmark/internal/infra/disk/object_repository.go:399.2,402.16 2 0
github.com/bruli-lab/stowmark/internal/infra/disk/object_repository.go:403.3,408.1 1 0
github.com/bruli-lab/stowmark/internal/infra/disk/object_repository.go:410.2,415.16 2 0
github.com/bruli-lab/stowmark/internal/infra/disk/object_repository.go:416.3,421.1 1 0
github.com/bruli-lab/stowmark/internal/infra/disk/object_repository.go:423.2,424.1 2 0
github.com/bruli-lab/stowmark/internal/infra/disk/object_repository.go:425.2,425.15 2 0
github.com/bruli-lab/stowmark/internal/infra/disk/object_repository.go:426.3,426.24 1 0
github.com/bruli-lab/stowmark/internal/infra/disk/object_repository.go:427.4,429.1 2 0
github.com/bruli-lab/stowmark/internal/infra/disk/object_repository.go:432.2,433.1 2 0
github.com/bruli-lab/stowmark/internal/infra/disk/object_repository.go:434.2,434.34 2 0
github.com/bruli-lab/stowmark/internal/infra/disk/object_repository.go:435.3,435.35 1 0
github.com/bruli-lab/stowmark/internal/infra/disk/object_repository.go:436.4,437.1 1 0
github.com/bruli-lab/stowmark/internal/infra/disk/object_repository.go:439.3,447.17 2 0
github.com/bruli-lab/stowmark/internal/infra/disk/object_repository.go:448.4,449.1 1 0
github.com/bruli-lab/stowmark/internal/infra/disk/object_repository.go:451.3,451.26 1 0
github.com/bruli-lab/stowmark/internal/infra/disk/object_repository.go:454.2,454.32 1 0
github.com/bruli-lab/stowmark/internal/infra/disk/object_repository.go:455.3,456.1 1 0
github.com/bruli-lab/stowmark/internal/infra/disk/object_repository.go:458.2,458.44 1 0
github.com/bruli-lab/stowmark/internal/infra/disk/object_repository.go:459.3,460.1 1 0
github.com/bruli-lab/stowmark/internal/infra/disk/object_repository.go:462.2,463.1 2 0
github.com/bruli-lab/stowmark/internal/infra/disk/object_repository.go:464.2,464.12 2 0
github.com/bruli-lab/stowmark/internal/infra/disk/object_repository.go:468.2,468.34 1 0
github.com/bruli-lab/stowmark/internal/infra/disk/object_repository.go:469.3,470.1 1 0
github.com/bruli-lab/stowmark/internal/infra/disk/object_repository.go:472.2,474.1 4 0
github.com/bruli-lab/stowmark/internal/infra/disk/object_repository.go:475.2,476.16 4 0
github.com/bruli-lab/stowmark/internal/infra/disk/object_repository.go:477.3,478.1 1 0
github.com/bruli-lab/stowmark/internal/infra/disk/object_repository.go:479.2,479.15 1 0
github.com/bruli-lab/stowmark/internal/infra/disk/object_repository.go:480.3,481.1 1 0
github.com/bruli-lab/stowmark/internal/infra/disk/object_repository.go:483.2,484.1 2 0
github.com/bruli-lab/stowmark/internal/infra/disk/object_repository.go:485.2,485.27 2 0
github.com/bruli-lab/stowmark/internal/infra/disk/object_repository.go:486.3,487.17 2 0
github.com/bruli-lab/stowmark/internal/infra/disk/object_repository.go:488.4,489.1 1 0
github.com/bruli-lab/stowmark/internal/infra/disk/object_repository.go:492.2,493.16 2 0
github.com/bruli-lab/stowmark/internal/infra/disk/object_repository.go:494.3,495.1 1 0
github.com/bruli-lab/stowmark/internal/infra/disk/object_repository.go:497.2,498.16 2 0
github.com/bruli-lab/stowmark/internal/infra/disk/object_repository.go:499.3,500.1 1 0
github.com/bruli-lab/stowmark/internal/infra/disk/object_repository.go:501.2,502.1 3 0
github.com/bruli-lab/stowmark/internal/infra/disk/object_repository.go:503.2,510.16 3 0
github.com/bruli-lab/stowmark/internal/infra/disk/object_repository.go:511.3,512.1 1 0
github.com/bruli-lab/stowmark/internal/infra/disk/object_repository.go:514.2,514.21 1 0
github.com/bruli-lab/stowmark/internal/infra/disk/object_repository.go:518.2,518.34 1 0
github.com/bruli-lab/stowmark/internal/infra/disk/object_repository.go:519.3,520.1 1 0
github.com/bruli-lab/stowmark/internal/infra/disk/object_repository.go:521.2,522.16 2 0
github.com/bruli-lab/stowmark/internal/infra/disk/object_repository.go:523.3,524.1 1 0
github.com/bruli-lab/stowmark/internal/infra/disk/object_repository.go:525.2,525.15 1 0
github.com/bruli-lab/stowmark/internal/infra/disk/object_repository.go:526.3,527.1 1 0
github.com/bruli-lab/stowmark/internal/infra/disk/object_repository.go:529.2,535.16 4 0
github.com/bruli-lab/stowmark/internal/infra/disk/object_repository.go:536.3,537.1 1 0
github.com/bruli-lab/stowmark/internal/infra/disk/object_repository.go:539.2,540.16 2 0
github.com/bruli-lab/stowmark/internal/infra/disk/object_repository.go:541.3,542.1 1 0
github.com/bruli-lab/stowmark/internal/infra/disk/object_repository.go:544.2,545.1 2 0
github.com/bruli-lab/stowmark/internal/infra/disk/object_repository.go:546.2,546.15 2 0
github.com/bruli-lab/stowmark/internal/infra/disk/object_repository.go:547.3,548.1 2 0
github.com/bruli-lab/stowmark/internal/infra/disk/object_repository.go:549.3,549.15 2 0
github.com/bruli-lab/stowmark/internal/infra/disk/object_repository.go:550.4,551.1 1 0
github.com/bruli-lab/stowmark/internal/infra/disk/object_repository.go:554.2,557.16 2 0
github.com/bruli-lab/stowmark/internal/infra/disk/object_repository.go:558.3,559.1 1 0
github.com/bruli-lab/stowmark/internal/infra/disk/object_repository.go:561.2,563.1 3 0
github.com/bruli-lab/stowmark/internal/infra/disk/object_repository.go:564.2,564.18 3 0
github.com/bruli-lab/stowmark/internal/infra/disk/object_repository.go:565.3,566.17 2 0
github.com/bruli-lab/stowmark/internal/infra/disk/object_repository.go:567.4,568.1 1 0
github.com/bruli-lab/stowmark/internal/infra/disk/object_repository.go:570.3,571.37 2 0
github.com/bruli-lab/stowmark/internal/infra/disk/object_repository.go:574.2,578.16 2 0
github.com/bruli-lab/stowmark/internal/infra/disk/object_repository.go:579.3,579.29 1 0
github.com/bruli-lab/stowmark/internal/infra/disk/object_repository.go:580.4,581.1 1 0
github.com/bruli-lab/stowmark/internal/infra/disk/object_repository.go:582.3,582.13 1 0
github.com/bruli-lab/stowmark/internal/infra/disk/object_repository.go:585.2,590.1 3 0
github.com/bruli-lab/stowmark/internal/infra/disk/object_repository.go:591.2,598.20 3 0
github.com/bruli-lab/stowmark/internal/infra/disk/object_repository.go:599.3,599.28 1 0
github.com/bruli-lab/stowmark/internal/infra/disk/object_repository.go:600.4,601.1 1 0
github.com/bruli-lab/stowmark/internal/infra/disk/object_repository.go:602.3,602.29 1 0
github.com/bruli-lab/stowmark/internal/infra/disk/object_repository.go:603.4,604.1 1 0
github.com/bruli-lab/stowmark/internal/infra/disk/object_repository.go:606.3,606.87 1 0
github.com/bruli-lab/stowmark/internal/infra/disk/object_repository.go:609.2,609.27 1 0
github.com/bruli-lab/stowmark/internal/infra/disk/object_repository.go:610.3,610.42 1 0
github.com/bruli-lab/stowmark/internal/infra/disk/object_repository.go:611.4,612.1 1 0
github.com/bruli-lab/stowmark/internal/infra/disk/object_repository.go:615.2,615.28 1 0
github.com/bruli-lab/stowmark/internal/infra/disk/object_repository.go:616.3,616.43 1 0
github.com/bruli-lab/stowmark/internal/infra/disk/object_repository.go:617.4,618.1 1 0
github.com/bruli-lab/stowmark/internal/infra/disk/object_repository.go:621.2,621.44 1 0
github.com/bruli-lab/stowmark/internal/infra/disk/object_repository.go:622.3,623.1 1 0
github.com/bruli-lab/stowmark/internal/infra/disk/object_repository.go:625.2,626.1 2 0
github.com/bruli-lab/stowmark/internal/infra/disk/object_repository.go:627.2,627.12 2 0
github.com/bruli-lab/stowmark/internal/infra/disk/object_repository.go:631.2,632.16 2 0
github.com/bruli-lab/stowmark/internal/infra/disk/object_repository.go:633.3,634.1 1 0
github.com/bruli-lab/stowmark/internal/infra/disk/object_repository.go:635.2,640.1 3 0
github.com/bruli-lab/stowmark/internal/infra/disk/object_repository.go:641.2,641.19 3 0
github.com/bruli-lab/stowmark/internal/infra/disk/object_repository.go:645.2,646.1 2 0
github.com/bruli-lab/stowmark/internal/infra/disk/object_repository.go:647.2,647.21 2 0
github.com/bruli-lab/stowmark/internal/infra/disk/object_repository.go:648.3,649.1 2 0
github.com/bruli-lab/stowmark/internal/infra/disk/object_repository.go:650.3,650.36 2 0
github.com/bruli-lab/stowmark/internal/infra/disk/object_repository.go:651.4,652.1 2 0
github.com/bruli-lab/stowmark/internal/infra/disk/object_repository.go:653.4,653.21 2 0
github.com/bruli-lab/stowmark/internal/infra/disk/object_repository.go:654.5,655.1 1 0
github.com/bruli-lab/stowmark/internal/infra/disk/object_repository.go:657.4,657.33 1 0
github.com/bruli-lab/stowmark/internal/infra/disk/object_repository.go:660.3,660.21 1 0
github.com/bruli-lab/stowmark/internal/infra/disk/object_repository.go:663.2,664.1 2 0
github.com/bruli-lab/stowmark/internal/infra/disk/object_repository.go:665.2,665.19 2 0
github.com/bruli-lab/stowmark/internal/infra/disk/object_repository.go:666.3,667.1 1 0
github.com/bruli-lab/stowmark/internal/infra/disk/object_repository.go:669.2,669.28 1 0
github.com/bruli-lab/stowmark/internal/infra/disk/source_explorer.go:25.2,25.20 1 0
github.com/bruli-lab/stowmark/internal/infra/disk/source_explorer.go:26.3,27.1 1 0
github.com/bruli-lab/stowmark/internal/infra/disk/source_explorer.go:29.2,29.17 1 0
github.com/bruli-lab/stowmark/internal/infra/disk/source_explorer.go:30.3,31.1 1 0
github.com/bruli-lab/stowmark/internal/infra/disk/source_explorer.go:33.2,34.16 2 0
github.com/bruli-lab/stowmark/internal/infra/disk/source_explorer.go:35.3,40.1 1 0
github.com/bruli-lab/stowmark/internal/infra/disk/source_explorer.go:41.2,41.15 1 0
github.com/bruli-lab/stowmark/internal/infra/disk/source_explorer.go:42.3,43.1 1 0
github.com/bruli-lab/stowmark/internal/infra/disk/source_explorer.go:45.2,46.16 2 0
github.com/bruli-lab/stowmark/internal/infra/disk/source_explorer.go:47.3,48.1 1 0
github.com/bruli-lab/stowmark/internal/infra/disk/source_explorer.go:50.2,51.1 4 0
github.com/bruli-lab/stowmark/internal/infra/disk/source_explorer.go:52.2,55.1 4 0
github.com/bruli-lab/stowmark/internal/infra/disk/source_explorer.go:56.2,61.1 4 0
github.com/bruli-lab/stowmark/internal/infra/disk/source_explorer.go:62.2,62.65 4 0
github.com/bruli-lab/stowmark/internal/infra/disk/source_explorer.go:63.3,63.35 1 0
github.com/bruli-lab/stowmark/internal/infra/disk/source_explorer.go:64.4,65.1 1 0
github.com/bruli-lab/stowmark/internal/infra/disk/source_explorer.go:67.3,68.1 3 0
github.com/bruli-lab/stowmark/internal/infra/disk/source_explorer.go:69.3,70.30 3 0
github.com/bruli-lab/stowmark/internal/infra/disk/source_explorer.go:71.4,72.1 1 0
github.com/bruli-lab/stowmark/internal/infra/disk/source_explorer.go:74.3,79.1 3 0
github.com/bruli-lab/stowmark/internal/infra/disk/source_explorer.go:80.3,85.17 3 0
github.com/bruli-lab/stowmark/internal/infra/disk/source_explorer.go:86.4,87.1 1 0
github.com/bruli-lab/stowmark/internal/infra/disk/source_explorer.go:89.3,92.4 1 0
github.com/bruli-lab/stowmark/internal/infra/disk/source_explorer.go:95.2,95.20 1 0
github.com/bruli-lab/stowmark/internal/infra/disk/source_explorer.go:99.2,100.1 3 0
github.com/bruli-lab/stowmark/internal/infra/disk/source_explorer.go:101.2,104.16 3 0
github.com/bruli-lab/stowmark/internal/infra/disk/source_explorer.go:105.3,106.1 1 0
github.com/bruli-lab/stowmark/internal/infra/disk/source_explorer.go:108.2,112.16 2 0
github.com/bruli-lab/stowmark/internal/infra/disk/source_explorer.go:113.3,114.1 1 0
github.com/bruli-lab/stowmark/internal/infra/disk/source_explorer.go:116.2,123.20 2 0
github.com/bruli-lab/stowmark/internal/infra/disk/source_explorer.go:124.3,124.28 1 0
github.com/bruli-lab/stowmark/internal/infra/disk/source_explorer.go:125.4,126.1 1 0
github.com/bruli-lab/stowmark/internal/infra/disk/source_explorer.go:128.3,131.4 1 0
github.com/bruli-lab/stowmark/internal/infra/disk/source_explorer.go:134.2,134.27 1 0
github.com/bruli-lab/stowmark/internal/infra/disk/source_explorer.go:135.3,135.42 1 0
github.com/bruli-lab/stowmark/internal/infra/disk/source_explorer.go:136.4,140.1 1 0
github.com/bruli-lab/stowmark/internal/infra/disk/source_explorer.go:143.2,145.8 1 0
github.com/bruli-lab/stowmark/internal/infra/disk/source_explorer.go:149.2,150.16 2 0
github.com/bruli-lab/stowmark/internal/infra/disk/source_explorer.go:151.3,152.1 1 0
github.com/bruli-lab/stowmark/internal/infra/disk/source_explorer.go:153.2,153.15 1 0
github.com/bruli-lab/stowmark/internal/infra/disk/source_explorer.go:154.3,155.1 1 0
github.com/bruli-lab/stowmark/internal/infra/disk/source_explorer.go:157.2,157.45 1 0
github.com/bruli-lab/stowmark/internal/infra/disk/source_explorer.go:161.2,161.34 1 0
github.com/bruli-lab/stowmark/internal/infra/disk/source_explorer.go:162.3,163.1 1 0
github.com/bruli-lab/stowmark/internal/infra/disk/source_explorer.go:164.2,165.16 2 0
github.com/bruli-lab/stowmark/internal/infra/disk/source_explorer.go:166.3,167.1 1 0
github.com/bruli-lab/stowmark/internal/infra/disk/source_explorer.go:169.2,170.16 2 0
github.com/bruli-lab/stowmark/internal/infra/disk/source_explorer.go:171.3,172.1 1 0
github.com/bruli-lab/stowmark/internal/infra/disk/source_explorer.go:174.2,174.19 1 0
github.com/bruli-lab/stowmark/internal/infra/disk/source_explorer.go:175.3,176.1 1 0
github.com/bruli-lab/stowmark/internal/infra/disk/source_explorer.go:177.2,178.16 2 0
github.com/bruli-lab/stowmark/internal/infra/disk/source_explorer.go:179.3,180.1 1 0
github.com/bruli-lab/stowmark/internal/infra/disk/source_explorer.go:181.2,181.53 1 0
github.com/bruli-lab/stowmark/internal/infra/disk/source_explorer.go:185.2,186.1 2 0
github.com/bruli-lab/stowmark/internal/infra/disk/source_explorer.go:187.2,191.10 2 0
github.com/bruli-lab/stowmark/internal/infra/disk/source_explorer.go:192.3,192.21 1 0
github.com/bruli-lab/stowmark/internal/infra/disk/source_explorer.go:193.4,194.1 1 0
github.com/bruli-lab/stowmark/internal/infra/disk/source_explorer.go:196.3,196.20 1 0
github.com/bruli-lab/stowmark/internal/infra/disk/source_explorer.go:197.4,198.1 1 0
github.com/bruli-lab/stowmark/internal/infra/disk/source_explorer.go:200.3,200.32 1 0
github.com/bruli-lab/stowmark/internal/infra/disk/source_explorer.go:201.4,202.1 1 0
github.com/bruli-lab/stowmark/internal/infra/disk/source_explorer.go:203.3,204.17 2 0
github.com/bruli-lab/stowmark/internal/infra/disk/source_explorer.go:205.4,206.1 1 0
github.com/bruli-lab/stowmark/internal/infra/disk/source_explorer.go:208.3,210.1 3 0
github.com/bruli-lab/stowmark/internal/infra/disk/source_explorer.go:211.3,211.13 3 0
github.com/bruli-lab/stowmark/internal/infra/disk/source_explorer.go:213.2,213.16 1 0
github.com/bruli-lab/stowmark/internal/infra/disk/source_explorer.go:214.3,215.1 1 0
github.com/bruli-lab/stowmark/internal/infra/disk/source_explorer.go:216.2,216.19 1 0
github.com/bruli-lab/stowmark/internal/infra/disk/source_explorer.go:220.2,221.1 1 0
github.com/bruli-lab/stowmark/internal/infra/compression/gzip_handler.go:13.2,14.16 2 0
github.com/bruli-lab/stowmark/internal/infra/compression/gzip_handler.go:15.3,16.1 1 0
github.com/bruli-lab/stowmark/internal/infra/compression/gzip_handler.go:18.2,25.8 5 0
github.com/bruli-lab/stowmark/internal/infra/compression/gzip_handler.go:29.2,30.16 2 0
github.com/bruli-lab/stowmark/internal/infra/compression/gzip_handler.go:31.3,32.1 1 0
github.com/bruli-lab/stowmark/internal/infra/compression/gzip_handler.go:33.2,35.18 1 0
github.com/bruli-lab/stowmark/internal/infra/compression/gzip_handler.go:36.4,37.1 1 0
github.com/bruli-lab/stowmark/internal/infra/compression/handler.go:30.2,31.9 2 0
github.com/bruli-lab/stowmark/internal/infra/compression/handler.go:32.3,33.1 1 0
github.com/bruli-lab/stowmark/internal/infra/compression/handler.go:34.2,34.17 1 0
github.com/bruli-lab/stowmark/internal/infra/compression/handler.go:38.2,44.1 1 0
github.com/bruli-lab/stowmark/internal/infra/compression/lz4_handler.go:13.2,14.18 2 0
github.com/bruli-lab/stowmark/internal/infra/compression/lz4_handler.go:15.3,16.1 1 0
github.com/bruli-lab/stowmark/internal/infra/compression/lz4_handler.go:17.2,18.16 2 0
github.com/bruli-lab/stowmark/internal/infra/compression/lz4_handler.go:19.3,20.1 1 0
github.com/bruli-lab/stowmark/internal/infra/compression/lz4_handler.go:22.2,25.16 1 0
github.com/bruli-lab/stowmark/internal/infra/compression/lz4_handler.go:26.3,27.1 1 0
github.com/bruli-lab/stowmark/internal/infra/compression/lz4_handler.go:28.2,31.8 1 0
github.com/bruli-lab/stowmark/internal/infra/compression/lz4_handler.go:35.2,38.18 2 0
github.com/bruli-lab/stowmark/internal/infra/compression/lz4_handler.go:38.19,38.19 0 0
github.com/bruli-lab/stowmark/internal/infra/compression/lz4_handler.go:43.2,43.15 1 0
github.com/bruli-lab/stowmark/internal/infra/compression/lz4_handler.go:45.3,45.23 1 0
github.com/bruli-lab/stowmark/internal/infra/compression/lz4_handler.go:47.3,47.25 1 0
github.com/bruli-lab/stowmark/internal/infra/compression/lz4_handler.go:49.3,49.25 1 0
github.com/bruli-lab/stowmark/internal/infra/compression/lz4_handler.go:51.3,51.25 1 0
github.com/bruli-lab/stowmark/internal/infra/compression/lz4_handler.go:53.3,53.25 1 0
github.com/bruli-lab/stowmark/internal/infra/compression/lz4_handler.go:55.3,55.25 1 0
github.com/bruli-lab/stowmark/internal/infra/compression/lz4_handler.go:57.3,57.25 1 0
github.com/bruli-lab/stowmark/internal/infra/compression/lz4_handler.go:59.3,59.25 1 0
github.com/bruli-lab/stowmark/internal/infra/compression/lz4_handler.go:61.3,61.25 1 0
github.com/bruli-lab/stowmark/internal/infra/compression/lz4_handler.go:63.3,63.25 1 0
github.com/bruli-lab/stowmark/internal/infra/compression/lz4_handler.go:65.3,68.4 1 0
github.com/bruli-lab/stowmark/internal/infra/compression/none_handler.go:8.2,10.18 1 0
github.com/bruli-lab/stowmark/internal/infra/compression/none_handler.go:10.19,10.19 0 0
github.com/bruli-lab/stowmark/internal/infra/compression/none_handler.go:15.2,17.24 1 0
github.com/bruli-lab/stowmark/internal/infra/compression/none_handler.go:18.4,19.1 1 0
github.com/bruli-lab/stowmark/internal/infra/compression/xz_handler.go:13.2,14.16 2 0
github.com/bruli-lab/stowmark/internal/infra/compression/xz_handler.go:15.3,16.1 1 0
github.com/bruli-lab/stowmark/internal/infra/compression/xz_handler.go:18.2,21.8 1 0
github.com/bruli-lab/stowmark/internal/infra/compression/xz_handler.go:25.2,26.16 2 0
github.com/bruli-lab/stowmark/internal/infra/compression/xz_handler.go:27.3,28.1 1 0
github.com/bruli-lab/stowmark/internal/infra/compression/xz_handler.go:29.2,31.18 1 0
github.com/bruli-lab/stowmark/internal/infra/compression/xz_handler.go:31.19,31.19 0 0
github.com/bruli-lab/stowmark/internal/infra/compression/zstd_handler.go:13.2,14.16 2 0
github.com/bruli-lab/stowmark/internal/infra/compression/zstd_handler.go:15.3,16.1 1 0
github.com/bruli-lab/stowmark/internal/infra/compression/zstd_handler.go:17.2,20.8 1 0
github.com/bruli-lab/stowmark/internal/infra/compression/zstd_handler.go:24.2,25.16 2 0
github.com/bruli-lab/stowmark/internal/infra/compression/zstd_handler.go:26.3,27.1 1 0
github.com/bruli-lab/stowmark/internal/infra/compression/zstd_handler.go:28.2,31.8 1 0
github.com/bruli-lab/stowmark/internal/infra/encrypt/aesgc_handler.go:22.2,23.1 1 0
github.com/bruli-lab/stowmark/internal/infra/encrypt/aesgc_handler.go:26.2,27.16 2 0
github.com/bruli-lab/stowmark/internal/infra/encrypt/aesgc_handler.go:28.3,29.1 1 0
github.com/bruli-lab/stowmark/internal/infra/encrypt/aesgc_handler.go:31.2,32.16 2 0
github.com/bruli-lab/stowmark/internal/infra/encrypt/aesgc_handler.go:33.3,34.1 1 0
github.com/bruli-lab/stowmark/internal/infra/encrypt/aesgc_handler.go:36.2,37.54 2 0
github.com/bruli-lab/stowmark/internal/infra/encrypt/aesgc_handler.go:38.3,39.1 1 0
github.com/bruli-lab/stowmark/internal/infra/encrypt/aesgc_handler.go:41.2,42.16 2 0
github.com/bruli-lab/stowmark/internal/infra/encrypt/aesgc_handler.go:43.3,44.1 1 0
github.com/bruli-lab/stowmark/internal/infra/encrypt/aesgc_handler.go:45.2,46.16 2 0
github.com/bruli-lab/stowmark/internal/infra/encrypt/aesgc_handler.go:47.3,48.1 1 0
github.com/bruli-lab/stowmark/internal/infra/encrypt/aesgc_handler.go:50.2,50.40 1 0
github.com/bruli-lab/stowmark/internal/infra/encrypt/aesgc_handler.go:54.2,54.24 1 0
github.com/bruli-lab/stowmark/internal/infra/encrypt/aesgc_handler.go:55.3,56.1 1 0
github.com/bruli-lab/stowmark/internal/infra/encrypt/aesgc_handler.go:58.2,58.31 1 0
github.com/bruli-lab/stowmark/internal/infra/encrypt/aesgc_handler.go:59.3,60.1 1 0
github.com/bruli-lab/stowmark/internal/infra/encrypt/aesgc_handler.go:62.2,63.16 2 0
github.com/bruli-lab/stowmark/internal/infra/encrypt/aesgc_handler.go:64.3,65.1 1 0
github.com/bruli-lab/stowmark/internal/infra/encrypt/aesgc_handler.go:67.2,68.16 2 0
github.com/bruli-lab/stowmark/internal/infra/encrypt/aesgc_handler.go:69.3,70.1 1 0
github.com/bruli-lab/stowmark/internal/infra/encrypt/aesgc_handler.go:72.2,75.1 4 0
github.com/bruli-lab/stowmark/internal/infra/encrypt/aesgc_handler.go:76.2,78.24 4 0
github.com/bruli-lab/stowmark/internal/infra/encrypt/aesgc_handler.go:79.4,79.24 1 0
github.com/bruli-lab/stowmark/internal/infra/encrypt/aesgc_handler.go:80.5,81.62 2 0
github.com/bruli-lab/stowmark/internal/infra/encrypt/aesgc_handler.go:82.6,84.1 2 0
github.com/bruli-lab/stowmark/internal/infra/encrypt/aesgc_handler.go:86.5,87.1 2 0
github.com/bruli-lab/stowmark/internal/infra/encrypt/aesgc_handler.go:88.5,88.57 2 0
github.com/bruli-lab/stowmark/internal/infra/encrypt/aesgc_handler.go:89.6,91.1 2 0
github.com/bruli-lab/stowmark/internal/infra/encrypt/aesgc_handler.go:93.5,93.61 1 0
github.com/bruli-lab/stowmark/internal/infra/encrypt/aesgc_handler.go:94.6,95.1 1 0
github.com/bruli-lab/stowmark/internal/infra/encrypt/aesgc_handler.go:98.4,98.19 1 0
github.com/bruli-lab/stowmark/internal/infra/encrypt/aesgc_handler.go:104.2,104.20 1 0
github.com/bruli-lab/stowmark/internal/infra/encrypt/aesgc_handler.go:105.3,106.17 2 0
github.com/bruli-lab/stowmark/internal/infra/encrypt/aesgc_handler.go:107.4,108.1 1 0
github.com/bruli-lab/stowmark/internal/infra/encrypt/aesgc_handler.go:110.3,110.13 1 0
github.com/bruli-lab/stowmark/internal/infra/encrypt/aesgc_handler.go:111.4,112.1 1 0
github.com/bruli-lab/stowmark/internal/infra/encrypt/aesgc_handler.go:114.3,114.18 1 0
github.com/bruli-lab/stowmark/internal/infra/encrypt/aesgc_handler.go:117.2,117.12 1 0
github.com/bruli-lab/stowmark/internal/infra/encrypt/symmetric_repository.go:17.2,17.22 1 0
github.com/bruli-lab/stowmark/internal/infra/encrypt/symmetric_repository.go:18.3,19.1 1 0
github.com/bruli-lab/stowmark/internal/infra/encrypt/symmetric_repository.go:20.2,20.23 1 0
github.com/bruli-lab/stowmark/internal/infra/encrypt/symmetric_repository.go:21.3,22.1 1 0
github.com/bruli-lab/stowmark/internal/infra/encrypt/symmetric_repository.go:24.2,25.16 2 0
github.com/bruli-lab/stowmark/internal/infra/encrypt/symmetric_repository.go:26.3,27.1 1 0
github.com/bruli-lab/stowmark/internal/infra/encrypt/symmetric_repository.go:29.2,36.16 2 0
github.com/bruli-lab/stowmark/internal/infra/encrypt/symmetric_repository.go:37.3,38.1 1 0
github.com/bruli-lab/stowmark/internal/infra/encrypt/symmetric_repository.go:40.2,40.40 1 0
github.com/bruli-lab/stowmark/internal/infra/encrypt/symmetric_repository.go:41.3,42.1 1 0
github.com/bruli-lab/stowmark/internal/infra/encrypt/symmetric_repository.go:44.2,44.26 1 0
github.com/bruli-lab/stowmark/internal/infra/encrypt/symmetric_repository.go:48.2,48.34 1 0
github.com/bruli-lab/stowmark/internal/infra/encrypt/symmetric_repository.go:49.3,50.1 1 0
github.com/bruli-lab/stowmark/internal/infra/encrypt/symmetric_repository.go:51.2,58.16 2 0
github.com/bruli-lab/stowmark/internal/infra/encrypt/symmetric_repository.go:59.3,60.1 1 0
github.com/bruli-lab/stowmark/internal/infra/encrypt/symmetric_repository.go:61.2,61.26 1 0
github.com/bruli-lab/stowmark/internal/infra/encrypt/symmetric_repository.go:65.2,65.34 1 0
github.com/bruli-lab/stowmark/internal/infra/encrypt/symmetric_repository.go:66.3,67.1 1 0
github.com/bruli-lab/stowmark/internal/infra/encrypt/symmetric_repository.go:68.2,69.51 2 0
github.com/bruli-lab/stowmark/internal/infra/encrypt/symmetric_repository.go:70.3,71.1 1 0
github.com/bruli-lab/stowmark/internal/infra/encrypt/symmetric_repository.go:72.2,72.26 1 0
github.com/bruli-lab/stowmark/internal/infra/encrypt/symmetric_repository.go:76.2,77.1 1 0
github.com/bruli-lab/stowmark/internal/infra/gcs/bucket.go:10.2,11.16 2 0
github.com/bruli-lab/stowmark/internal/infra/gcs/bucket.go:12.3,13.1 1 0
github.com/bruli-lab/stowmark/internal/infra/gcs/bucket.go:15.2,15.23 1 0
github.com/bruli-lab/stowmark/internal/infra/gcs/bucket.go:16.3,17.1 1 0
github.com/bruli-lab/stowmark/internal/infra/gcs/bucket.go:19.2,19.18 1 0
github.com/bruli-lab/stowmark/internal/infra/gcs/bucket.go:20.3,21.1 1 0
github.com/bruli-lab/stowmark/internal/infra/gcs/bucket.go:23.2,23.20 1 0
github.com/bruli-lab/stowmark/internal/infra/gcs/client.go:12.2,14.1 2 0
github.com/bruli-lab/stowmark/internal/infra/gcs/client.go:16.2,16.21 2 0
github.com/bruli-lab/stowmark/internal/infra/gcs/client.go:17.3,22.1 1 0
github.com/bruli-lab/stowmark/internal/infra/gcs/client.go:24.2,25.16 2 0
github.com/bruli-lab/stowmark/internal/infra/gcs/client.go:26.3,27.1 1 0
github.com/bruli-lab/stowmark/internal/infra/gcs/client.go:29.2,29.20 1 0
github.com/bruli-lab/stowmark/internal/infra/gcs/folder_repository_repository.go:23.2,23.34 1 0
github.com/bruli-lab/stowmark/internal/infra/gcs/folder_repository_repository.go:24.3,25.1 1 0
github.com/bruli-lab/stowmark/internal/infra/gcs/folder_repository_repository.go:27.2,28.1 3 0
github.com/bruli-lab/stowmark/internal/infra/gcs/folder_repository_repository.go:29.2,33.1 3 0
github.com/bruli-lab/stowmark/internal/infra/gcs/folder_repository_repository.go:34.2,34.47 3 0
github.com/bruli-lab/stowmark/internal/infra/gcs/folder_repository_repository.go:35.3,36.1 1 0
github.com/bruli-lab/stowmark/internal/infra/gcs/folder_repository_repository.go:38.2,38.16 1 0
github.com/bruli-lab/stowmark/internal/infra/gcs/folder_repository_repository.go:39.3,40.1 1 0
github.com/bruli-lab/stowmark/internal/infra/gcs/folder_repository_repository.go:42.2,42.18 1 0
github.com/bruli-lab/stowmark/internal/infra/gcs/folder_repository_repository.go:46.2,46.34 1 0
github.com/bruli-lab/stowmark/internal/infra/gcs/folder_repository_repository.go:47.3,48.1 1 0
github.com/bruli-lab/stowmark/internal/infra/gcs/folder_repository_repository.go:50.2,50.12 1 0
github.com/bruli-lab/stowmark/internal/infra/gcs/folder_repository_repository.go:54.2,55.16 2 0
github.com/bruli-lab/stowmark/internal/infra/gcs/folder_repository_repository.go:56.3,57.1 1 0
github.com/bruli-lab/stowmark/internal/infra/gcs/folder_repository_repository.go:59.2,60.1 7 0
github.com/bruli-lab/stowmark/internal/infra/gcs/folder_repository_repository.go:61.2,63.1 7 0
github.com/bruli-lab/stowmark/internal/infra/gcs/folder_repository_repository.go:64.2,68.1 7 0
github.com/bruli-lab/stowmark/internal/infra/gcs/folder_repository_repository.go:69.2,70.1 7 0
github.com/bruli-lab/stowmark/internal/infra/gcs/folder_repository_repository.go:71.2,72.16 7 0
github.com/bruli-lab/stowmark/internal/infra/gcs/folder_repository_repository.go:73.3,74.1 2 0
github.com/bruli-lab/stowmark/internal/infra/gcs/folder_repository_repository.go:75.3,76.1 2 0
github.com/bruli-lab/stowmark/internal/infra/gcs/folder_repository_repository.go:78.2,78.20 1 0
github.com/bruli-lab/stowmark/internal/infra/gcs/folder_repository_repository.go:79.3,80.1 2 0
github.com/bruli-lab/stowmark/internal/infra/gcs/folder_repository_repository.go:81.3,82.1 2 0
github.com/bruli-lab/stowmark/internal/infra/gcs/folder_repository_repository.go:84.2,84.39 1 0
github.com/bruli-lab/stowmark/internal/infra/gcs/folder_repository_repository.go:85.3,86.1 1 0
github.com/bruli-lab/stowmark/internal/infra/gcs/folder_repository_repository.go:87.2,87.12 1 0
github.com/bruli-lab/stowmark/internal/infra/gcs/folder_repository_repository.go:91.2,91.34 1 0
github.com/bruli-lab/stowmark/internal/infra/gcs/folder_repository_repository.go:92.3,93.1 1 0
github.com/bruli-lab/stowmark/internal/infra/gcs/folder_repository_repository.go:95.2,96.1 3 0
github.com/bruli-lab/stowmark/internal/infra/gcs/folder_repository_repository.go:97.2,101.16 3 0
github.com/bruli-lab/stowmark/internal/infra/gcs/folder_repository_repository.go:102.3,102.48 1 0
github.com/bruli-lab/stowmark/internal/infra/gcs/folder_repository_repository.go:103.4,104.1 1 0
github.com/bruli-lab/stowmark/internal/infra/gcs/folder_repository_repository.go:106.3,106.87 1 0
github.com/bruli-lab/stowmark/internal/infra/gcs/folder_repository_repository.go:109.2,111.1 3 0
github.com/bruli-lab/stowmark/internal/infra/gcs/folder_repository_repository.go:112.2,112.20 3 0
github.com/bruli-lab/stowmark/internal/infra/gcs/folder_repository_repository.go:113.3,114.1 1 0
github.com/bruli-lab/stowmark/internal/infra/gcs/folder_repository_repository.go:116.2,116.21 1 0
github.com/bruli-lab/stowmark/internal/infra/gcs/folder_repository_repository.go:117.3,118.1 1 0
github.com/bruli-lab/stowmark/internal/infra/gcs/folder_repository_repository.go:120.2,121.52 2 0
github.com/bruli-lab/stowmark/internal/infra/gcs/folder_repository_repository.go:122.3,123.1 1 0
github.com/bruli-lab/stowmark/internal/infra/gcs/folder_repository_repository.go:125.2,125.38 1 0
github.com/bruli-lab/stowmark/internal/infra/gcs/folder_repository_repository.go:129.2,130.1 1 0
github.com/bruli-lab/stowmark/internal/infra/gcs/manifest_repository.go:27.2,27.34 1 0
github.com/bruli-lab/stowmark/internal/infra/gcs/manifest_repository.go:28.3,29.1 1 0
github.com/bruli-lab/stowmark/internal/infra/gcs/manifest_repository.go:31.2,31.14 1 0
github.com/bruli-lab/stowmark/internal/infra/gcs/manifest_repository.go:32.3,33.1 1 0
github.com/bruli-lab/stowmark/internal/infra/gcs/manifest_repository.go:35.2,36.1 3 0
github.com/bruli-lab/stowmark/internal/infra/gcs/manifest_repository.go:37.2,38.16 3 0
github.com/bruli-lab/stowmark/internal/infra/gcs/manifest_repository.go:39.3,40.1 1 0
github.com/bruli-lab/stowmark/internal/infra/gcs/manifest_repository.go:42.2,43.1 10 0
github.com/bruli-lab/stowmark/internal/infra/gcs/manifest_repository.go:44.2,50.1 10 0
github.com/bruli-lab/stowmark/internal/infra/gcs/manifest_repository.go:51.2,53.1 10 0
github.com/bruli-lab/stowmark/internal/infra/gcs/manifest_repository.go:54.2,57.1 10 0
github.com/bruli-lab/stowmark/internal/infra/gcs/manifest_repository.go:58.2,60.1 10 0
github.com/bruli-lab/stowmark/internal/infra/gcs/manifest_repository.go:61.2,62.16 10 0
github.com/bruli-lab/stowmark/internal/infra/gcs/manifest_repository.go:63.3,64.1 2 0
github.com/bruli-lab/stowmark/internal/infra/gcs/manifest_repository.go:65.3,66.1 2 0
github.com/bruli-lab/stowmark/internal/infra/gcs/manifest_repository.go:68.2,68.20 1 0
github.com/bruli-lab/stowmark/internal/infra/gcs/manifest_repository.go:69.3,70.1 2 0
github.com/bruli-lab/stowmark/internal/infra/gcs/manifest_repository.go:71.3,72.1 2 0
github.com/bruli-lab/stowmark/internal/infra/gcs/manifest_repository.go:74.2,74.39 1 0
github.com/bruli-lab/stowmark/internal/infra/gcs/manifest_repository.go:75.3,76.1 1 0
github.com/bruli-lab/stowmark/internal/infra/gcs/manifest_repository.go:78.2,78.12 1 0
github.com/bruli-lab/stowmark/internal/infra/gcs/manifest_repository.go:82.2,82.34 1 0
github.com/bruli-lab/stowmark/internal/infra/gcs/manifest_repository.go:83.3,84.1 1 0
github.com/bruli-lab/stowmark/internal/infra/gcs/manifest_repository.go:86.2,90.1 4 0
github.com/bruli-lab/stowmark/internal/infra/gcs/manifest_repository.go:91.2,96.1 4 0
github.com/bruli-lab/stowmark/internal/infra/gcs/manifest_repository.go:97.2,98.1 4 0
github.com/bruli-lab/stowmark/internal/infra/gcs/manifest_repository.go:99.2,99.6 4 0
github.com/bruli-lab/stowmark/internal/infra/gcs/manifest_repository.go:100.3,101.36 2 0
github.com/bruli-lab/stowmark/internal/infra/gcs/manifest_repository.go:102.4,102.9 1 0
github.com/bruli-lab/stowmark/internal/infra/gcs/manifest_repository.go:105.3,105.17 1 0
github.com/bruli-lab/stowmark/internal/infra/gcs/manifest_repository.go:106.4,107.1 1 0
github.com/bruli-lab/stowmark/internal/infra/gcs/manifest_repository.go:109.3,110.1 2 0
github.com/bruli-lab/stowmark/internal/infra/gcs/manifest_repository.go:111.3,113.30 2 0
github.com/bruli-lab/stowmark/internal/infra/gcs/manifest_repository.go:114.4,114.12 1 0
github.com/bruli-lab/stowmark/internal/infra/gcs/manifest_repository.go:117.3,121.17 2 0
github.com/bruli-lab/stowmark/internal/infra/gcs/manifest_repository.go:122.4,123.1 1 0
github.com/bruli-lab/stowmark/internal/infra/gcs/manifest_repository.go:125.3,127.1 3 0
github.com/bruli-lab/stowmark/internal/infra/gcs/manifest_repository.go:128.3,128.21 3 0
github.com/bruli-lab/stowmark/internal/infra/gcs/manifest_repository.go:129.4,130.1 1 0
github.com/bruli-lab/stowmark/internal/infra/gcs/manifest_repository.go:132.3,132.22 1 0
github.com/bruli-lab/stowmark/internal/infra/gcs/manifest_repository.go:133.4,134.1 1 0
github.com/bruli-lab/stowmark/internal/infra/gcs/manifest_repository.go:136.3,140.17 2 0
github.com/bruli-lab/stowmark/internal/infra/gcs/manifest_repository.go:141.4,142.1 1 0
github.com/bruli-lab/stowmark/internal/infra/gcs/manifest_repository.go:144.3,144.43 1 0
github.com/bruli-lab/stowmark/internal/infra/gcs/manifest_repository.go:147.2,149.36 1 0
github.com/bruli-lab/stowmark/internal/infra/gcs/manifest_repository.go:150.4,151.1 1 0
github.com/bruli-lab/stowmark/internal/infra/gcs/manifest_repository.go:154.2,154.23 1 0
github.com/bruli-lab/stowmark/internal/infra/gcs/manifest_repository.go:158.2,158.34 1 0
github.com/bruli-lab/stowmark/internal/infra/gcs/manifest_repository.go:159.3,160.1 1 0
github.com/bruli-lab/stowmark/internal/infra/gcs/manifest_repository.go:162.2,162.22 1 0
github.com/bruli-lab/stowmark/internal/infra/gcs/manifest_repository.go:163.3,164.1 1 0
github.com/bruli-lab/stowmark/internal/infra/gcs/manifest_repository.go:166.2,166.41 1 0
github.com/bruli-lab/stowmark/internal/infra/gcs/manifest_repository.go:167.3,168.1 1 0
github.com/bruli-lab/stowmark/internal/infra/gcs/manifest_repository.go:170.2,175.1 3 0
github.com/bruli-lab/stowmark/internal/infra/gcs/manifest_repository.go:176.2,180.16 3 0
github.com/bruli-lab/stowmark/internal/infra/gcs/manifest_repository.go:181.3,181.48 1 0
github.com/bruli-lab/stowmark/internal/infra/gcs/manifest_repository.go:182.4,183.1 1 0
github.com/bruli-lab/stowmark/internal/infra/gcs/manifest_repository.go:185.3,185.89 1 0
github.com/bruli-lab/stowmark/internal/infra/gcs/manifest_repository.go:188.2,190.1 3 0
github.com/bruli-lab/stowmark/internal/infra/gcs/manifest_repository.go:191.2,191.20 3 0
github.com/bruli-lab/stowmark/internal/infra/gcs/manifest_repository.go:192.3,193.1 1 0
github.com/bruli-lab/stowmark/internal/infra/gcs/manifest_repository.go:195.2,195.21 1 0
github.com/bruli-lab/stowmark/internal/infra/gcs/manifest_repository.go:196.3,197.1 1 0
github.com/bruli-lab/stowmark/internal/infra/gcs/manifest_repository.go:199.2,200.16 2 0
github.com/bruli-lab/stowmark/internal/infra/gcs/manifest_repository.go:201.3,202.1 1 0
github.com/bruli-lab/stowmark/internal/infra/gcs/manifest_repository.go:204.2,204.22 1 0
github.com/bruli-lab/stowmark/internal/infra/gcs/manifest_repository.go:208.2,209.1 1 0
github.com/bruli-lab/stowmark/internal/infra/gcs/object_repository.go:38.2,38.34 1 0
github.com/bruli-lab/stowmark/internal/infra/gcs/object_repository.go:39.3,40.1 1 0
github.com/bruli-lab/stowmark/internal/infra/gcs/object_repository.go:42.2,47.1 2 0
github.com/bruli-lab/stowmark/internal/infra/gcs/object_repository.go:48.2,48.37 2 0
github.com/bruli-lab/stowmark/internal/infra/gcs/object_repository.go:49.3,50.1 1 0
github.com/bruli-lab/stowmark/internal/infra/gcs/object_repository.go:52.2,57.1 3 0
github.com/bruli-lab/stowmark/internal/infra/gcs/object_repository.go:58.2,59.1 3 0
github.com/bruli-lab/stowmark/internal/infra/gcs/object_repository.go:60.2,60.6 3 0
github.com/bruli-lab/stowmark/internal/infra/gcs/object_repository.go:61.3,62.36 2 0
github.com/bruli-lab/stowmark/internal/infra/gcs/object_repository.go:63.4,63.9 1 0
github.com/bruli-lab/stowmark/internal/infra/gcs/object_repository.go:65.3,65.17 1 0
github.com/bruli-lab/stowmark/internal/infra/gcs/object_repository.go:66.4,67.1 1 0
github.com/bruli-lab/stowmark/internal/infra/gcs/object_repository.go:69.3,71.1 3 0
github.com/bruli-lab/stowmark/internal/infra/gcs/object_repository.go:72.3,72.62 3 0
github.com/bruli-lab/stowmark/internal/infra/gcs/object_repository.go:73.4,73.12 1 0
github.com/bruli-lab/stowmark/internal/infra/gcs/object_repository.go:76.3,76.45 1 0
github.com/bruli-lab/stowmark/internal/infra/gcs/object_repository.go:79.2,80.1 2 0
github.com/bruli-lab/stowmark/internal/infra/gcs/object_repository.go:81.2,81.20 2 0
github.com/bruli-lab/stowmark/internal/infra/gcs/object_repository.go:85.2,85.34 1 0
github.com/bruli-lab/stowmark/internal/infra/gcs/object_repository.go:86.3,87.1 1 0
github.com/bruli-lab/stowmark/internal/infra/gcs/object_repository.go:89.2,89.19 1 0
github.com/bruli-lab/stowmark/internal/infra/gcs/object_repository.go:90.3,91.1 1 0
github.com/bruli-lab/stowmark/internal/infra/gcs/object_repository.go:93.2,93.19 1 0
github.com/bruli-lab/stowmark/internal/infra/gcs/object_repository.go:94.3,95.1 1 0
github.com/bruli-lab/stowmark/internal/infra/gcs/object_repository.go:97.2,98.1 4 0
github.com/bruli-lab/stowmark/internal/infra/gcs/object_repository.go:99.2,100.1 4 0
github.com/bruli-lab/stowmark/internal/infra/gcs/object_repository.go:101.2,105.16 4 0
github.com/bruli-lab/stowmark/internal/infra/gcs/object_repository.go:106.3,106.48 1 0
github.com/bruli-lab/stowmark/internal/infra/gcs/object_repository.go:107.4,108.1 1 0
github.com/bruli-lab/stowmark/internal/infra/gcs/object_repository.go:110.3,110.97 1 0
github.com/bruli-lab/stowmark/internal/infra/gcs/object_repository.go:113.2,114.16 2 0
github.com/bruli-lab/stowmark/internal/infra/gcs/object_repository.go:115.3,116.1 2 0
github.com/bruli-lab/stowmark/internal/infra/gcs/object_repository.go:117.3,123.1 2 0
github.com/bruli-lab/stowmark/internal/infra/gcs/object_repository.go:124.2,127.8 1 0
github.com/bruli-lab/stowmark/internal/infra/gcs/object_repository.go:131.2,131.34 1 0
github.com/bruli-lab/stowmark/internal/infra/gcs/object_repository.go:132.3,133.1 1 0
github.com/bruli-lab/stowmark/internal/infra/gcs/object_repository.go:135.2,135.19 1 0
github.com/bruli-lab/stowmark/internal/infra/gcs/object_repository.go:136.3,137.1 1 0
github.com/bruli-lab/stowmark/internal/infra/gcs/object_repository.go:139.2,139.19 1 0
github.com/bruli-lab/stowmark/internal/infra/gcs/object_repository.go:140.3,141.1 1 0
github.com/bruli-lab/stowmark/internal/infra/gcs/object_repository.go:143.2,143.19 1 0
github.com/bruli-lab/stowmark/internal/infra/gcs/object_repository.go:144.3,145.1 1 0
github.com/bruli-lab/stowmark/internal/infra/gcs/object_repository.go:147.2,152.1 6 0
github.com/bruli-lab/stowmark/internal/infra/gcs/object_repository.go:153.2,154.1 6 0
github.com/bruli-lab/stowmark/internal/infra/gcs/object_repository.go:155.2,157.1 6 0
github.com/bruli-lab/stowmark/internal/infra/gcs/object_repository.go:158.2,162.1 6 0
github.com/bruli-lab/stowmark/internal/infra/gcs/object_repository.go:163.2,163.24 6 0
github.com/bruli-lab/stowmark/internal/infra/gcs/object_repository.go:164.3,166.1 2 0
github.com/bruli-lab/stowmark/internal/infra/gcs/object_repository.go:168.2,169.16 2 0
github.com/bruli-lab/stowmark/internal/infra/gcs/object_repository.go:170.3,171.1 2 0
github.com/bruli-lab/stowmark/internal/infra/gcs/object_repository.go:172.3,177.1 2 0
github.com/bruli-lab/stowmark/internal/infra/gcs/object_repository.go:179.2,179.59 1 0
github.com/bruli-lab/stowmark/internal/infra/gcs/object_repository.go:180.3,182.1 3 0
github.com/bruli-lab/stowmark/internal/infra/gcs/object_repository.go:183.3,184.1 3 0
github.com/bruli-lab/stowmark/internal/infra/gcs/object_repository.go:186.2,186.41 1 0
github.com/bruli-lab/stowmark/internal/infra/gcs/object_repository.go:187.3,188.1 2 0
github.com/bruli-lab/stowmark/internal/infra/gcs/object_repository.go:189.3,190.1 2 0
github.com/bruli-lab/stowmark/internal/infra/gcs/object_repository.go:192.2,192.39 1 0
github.com/bruli-lab/stowmark/internal/infra/gcs/object_repository.go:193.3,200.1 1 0
github.com/bruli-lab/stowmark/internal/infra/gcs/object_repository.go:202.2,202.12 1 0
github.com/bruli-lab/stowmark/internal/infra/gcs/object_repository.go:206.2,206.34 1 0
github.com/bruli-lab/stowmark/internal/infra/gcs/object_repository.go:207.3,208.1 1 0
github.com/bruli-lab/stowmark/internal/infra/gcs/object_repository.go:210.2,211.1 2 0
github.com/bruli-lab/stowmark/internal/infra/gcs/object_repository.go:212.2,212.37 2 0
github.com/bruli-lab/stowmark/internal/infra/gcs/object_repository.go:213.3,214.1 1 0
github.com/bruli-lab/stowmark/internal/infra/gcs/object_repository.go:216.2,217.1 3 0
github.com/bruli-lab/stowmark/internal/infra/gcs/object_repository.go:218.2,221.1 3 0
github.com/bruli-lab/stowmark/internal/infra/gcs/object_repository.go:222.2,222.6 3 0
github.com/bruli-lab/stowmark/internal/infra/gcs/object_repository.go:223.3,224.36 2 0
github.com/bruli-lab/stowmark/internal/infra/gcs/object_repository.go:225.4,225.9 1 0
github.com/bruli-lab/stowmark/internal/infra/gcs/object_repository.go:227.3,227.17 1 0
github.com/bruli-lab/stowmark/internal/infra/gcs/object_repository.go:228.4,234.1 1 0
github.com/bruli-lab/stowmark/internal/infra/gcs/object_repository.go:236.3,236.63 1 0
github.com/bruli-lab/stowmark/internal/infra/gcs/object_repository.go:237.4,237.49 1 0
github.com/bruli-lab/stowmark/internal/infra/gcs/object_repository.go:238.5,238.13 1 0
github.com/bruli-lab/stowmark/internal/infra/gcs/object_repository.go:241.4,247.5 1 0
github.com/bruli-lab/stowmark/internal/infra/gcs/object_repository.go:251.2,251.12 1 0
github.com/bruli-lab/stowmark/internal/infra/gcs/object_repository.go:255.2,255.69 1 0
github.com/bruli-lab/stowmark/internal/infra/gcs/object_repository.go:256.3,257.1 1 0
github.com/bruli-lab/stowmark/internal/infra/gcs/object_repository.go:258.2,258.12 1 0
github.com/bruli-lab/stowmark/internal/infra/gcs/object_repository.go:262.2,262.34 1 0
github.com/bruli-lab/stowmark/internal/infra/gcs/object_repository.go:263.3,264.1 1 0
github.com/bruli-lab/stowmark/internal/infra/gcs/object_repository.go:266.2,267.16 2 0
github.com/bruli-lab/stowmark/internal/infra/gcs/object_repository.go:268.3,269.1 1 0
github.com/bruli-lab/stowmark/internal/infra/gcs/object_repository.go:270.2,270.15 1 0
github.com/bruli-lab/stowmark/internal/infra/gcs/object_repository.go:271.3,272.1 1 0
github.com/bruli-lab/stowmark/internal/infra/gcs/object_repository.go:274.2,276.1 6 0
github.com/bruli-lab/stowmark/internal/infra/gcs/object_repository.go:277.2,279.1 6 0
github.com/bruli-lab/stowmark/internal/infra/gcs/object_repository.go:280.2,284.1 6 0
github.com/bruli-lab/stowmark/internal/infra/gcs/object_repository.go:285.2,285.24 6 0
github.com/bruli-lab/stowmark/internal/infra/gcs/object_repository.go:286.3,288.1 2 0
github.com/bruli-lab/stowmark/internal/infra/gcs/object_repository.go:290.2,291.1 4 0
github.com/bruli-lab/stowmark/internal/infra/gcs/object_repository.go:292.2,294.1 4 0
github.com/bruli-lab/stowmark/internal/infra/gcs/object_repository.go:295.2,295.18 4 0
github.com/bruli-lab/stowmark/internal/infra/gcs/object_repository.go:296.3,297.17 2 0
github.com/bruli-lab/stowmark/internal/infra/gcs/object_repository.go:298.4,299.1 2 0
github.com/bruli-lab/stowmark/internal/infra/gcs/object_repository.go:300.4,301.1 2 0
github.com/bruli-lab/stowmark/internal/infra/gcs/object_repository.go:303.3,304.37 2 0
github.com/bruli-lab/stowmark/internal/infra/gcs/object_repository.go:307.2,311.1 3 0
github.com/bruli-lab/stowmark/internal/infra/gcs/object_repository.go:312.2,313.16 3 0
github.com/bruli-lab/stowmark/internal/infra/gcs/object_repository.go:314.3,315.1 2 0
github.com/bruli-lab/stowmark/internal/infra/gcs/object_repository.go:316.3,317.1 2 0
github.com/bruli-lab/stowmark/internal/infra/gcs/object_repository.go:319.2,323.16 2 0
github.com/bruli-lab/stowmark/internal/infra/gcs/object_repository.go:324.3,325.1 2 0
github.com/bruli-lab/stowmark/internal/infra/gcs/object_repository.go:326.3,327.1 2 0
github.com/bruli-lab/stowmark/internal/infra/gcs/object_repository.go:329.2,334.1 3 0
github.com/bruli-lab/stowmark/internal/infra/gcs/object_repository.go:335.2,342.20 3 0
github.com/bruli-lab/stowmark/internal/infra/gcs/object_repository.go:343.3,344.1 2 0
github.com/bruli-lab/stowmark/internal/infra/gcs/object_repository.go:345.3,345.28 2 0
github.com/bruli-lab/stowmark/internal/infra/gcs/object_repository.go:346.4,347.1 1 0
github.com/bruli-lab/stowmark/internal/infra/gcs/object_repository.go:349.3,350.1 2 0
github.com/bruli-lab/stowmark/internal/infra/gcs/object_repository.go:351.3,351.96 2 0
github.com/bruli-lab/stowmark/internal/infra/gcs/object_repository.go:354.2,354.27 1 0
github.com/bruli-lab/stowmark/internal/infra/gcs/object_repository.go:355.3,355.42 1 0
github.com/bruli-lab/stowmark/internal/infra/gcs/object_repository.go:356.4,357.1 2 0
github.com/bruli-lab/stowmark/internal/infra/gcs/object_repository.go:358.4,359.1 2 0
github.com/bruli-lab/stowmark/internal/infra/gcs/object_repository.go:362.2,363.1 2 0
github.com/bruli-lab/stowmark/internal/infra/gcs/object_repository.go:364.2,364.28 2 0
github.com/bruli-lab/stowmark/internal/infra/gcs/object_repository.go:365.3,366.1 2 0
github.com/bruli-lab/stowmark/internal/infra/gcs/object_repository.go:367.3,368.1 2 0
github.com/bruli-lab/stowmark/internal/infra/gcs/object_repository.go:370.2,370.28 1 0
github.com/bruli-lab/stowmark/internal/infra/gcs/object_repository.go:371.3,371.43 1 0
github.com/bruli-lab/stowmark/internal/infra/gcs/object_repository.go:372.4,373.1 2 0
github.com/bruli-lab/stowmark/internal/infra/gcs/object_repository.go:374.4,375.1 2 0
github.com/bruli-lab/stowmark/internal/infra/gcs/object_repository.go:378.2,378.39 1 0
github.com/bruli-lab/stowmark/internal/infra/gcs/object_repository.go:379.3,380.1 1 0
github.com/bruli-lab/stowmark/internal/infra/gcs/object_repository.go:382.2,382.12 1 0
github.com/bruli-lab/stowmark/internal/infra/gcs/object_repository.go:386.2,386.34 1 0
github.com/bruli-lab/stowmark/internal/infra/gcs/object_repository.go:387.3,388.1 1 0
github.com/bruli-lab/stowmark/internal/infra/gcs/object_repository.go:390.2,390.17 1 0
github.com/bruli-lab/stowmark/internal/infra/gcs/object_repository.go:391.3,392.1 1 0
github.com/bruli-lab/stowmark/internal/infra/gcs/object_repository.go:394.2,394.19 1 0
github.com/bruli-lab/stowmark/internal/infra/gcs/object_repository.go:395.3,396.1 1 0
github.com/bruli-lab/stowmark/internal/infra/gcs/object_repository.go:398.2,403.1 4 0
github.com/bruli-lab/stowmark/internal/infra/gcs/object_repository.go:404.2,404.42 4 0
github.com/bruli-lab/stowmark/internal/infra/gcs/object_repository.go:405.3,406.1 1 0
github.com/bruli-lab/stowmark/internal/infra/gcs/object_repository.go:406.9,406.55 1 0
github.com/bruli-lab/stowmark/internal/infra/gcs/object_repository.go:407.3,408.1 1 0
github.com/bruli-lab/stowmark/internal/infra/gcs/object_repository.go:410.2,411.16 2 0
github.com/bruli-lab/stowmark/internal/infra/gcs/object_repository.go:412.3,413.1 1 0
github.com/bruli-lab/stowmark/internal/infra/gcs/object_repository.go:414.2,414.15 1 0
github.com/bruli-lab/stowmark/internal/infra/gcs/object_repository.go:415.3,416.1 1 0
github.com/bruli-lab/stowmark/internal/infra/gcs/object_repository.go:418.2,419.16 2 0
github.com/bruli-lab/stowmark/internal/infra/gcs/object_repository.go:420.3,421.1 1 0
github.com/bruli-lab/stowmark/internal/infra/gcs/object_repository.go:423.2,425.1 7 0
github.com/bruli-lab/stowmark/internal/infra/gcs/object_repository.go:426.2,431.1 7 0
github.com/bruli-lab/stowmark/internal/infra/gcs/object_repository.go:432.2,433.1 7 0
github.com/bruli-lab/stowmark/internal/infra/gcs/object_repository.go:434.2,436.1 7 0
github.com/bruli-lab/stowmark/internal/infra/gcs/object_repository.go:437.2,437.27 7 0
github.com/bruli-lab/stowmark/internal/infra/gcs/object_repository.go:438.3,439.17 2 0
github.com/bruli-lab/stowmark/internal/infra/gcs/object_repository.go:440.4,441.1 1 0
github.com/bruli-lab/stowmark/internal/infra/gcs/object_repository.go:443.3,444.37 2 0
github.com/bruli-lab/stowmark/internal/infra/gcs/object_repository.go:447.2,448.16 2 0
github.com/bruli-lab/stowmark/internal/infra/gcs/object_repository.go:449.3,449.29 1 0
github.com/bruli-lab/stowmark/internal/infra/gcs/object_repository.go:450.4,451.1 1 0
github.com/bruli-lab/stowmark/internal/infra/gcs/object_repository.go:452.3,453.1 2 0
github.com/bruli-lab/stowmark/internal/infra/gcs/object_repository.go:454.3,454.73 2 0
github.com/bruli-lab/stowmark/internal/infra/gcs/object_repository.go:457.2,457.59 1 0
github.com/bruli-lab/stowmark/internal/infra/gcs/object_repository.go:458.3,459.1 2 0
github.com/bruli-lab/stowmark/internal/infra/gcs/object_repository.go:460.3,460.28 2 0
github.com/bruli-lab/stowmark/internal/infra/gcs/object_repository.go:461.4,462.30 2 0
github.com/bruli-lab/stowmark/internal/infra/gcs/object_repository.go:463.5,464.1 1 0
github.com/bruli-lab/stowmark/internal/infra/gcs/object_repository.go:467.3,467.59 1 0
github.com/bruli-lab/stowmark/internal/infra/gcs/object_repository.go:470.2,470.27 1 0
github.com/bruli-lab/stowmark/internal/infra/gcs/object_repository.go:471.3,471.42 1 0
github.com/bruli-lab/stowmark/internal/infra/gcs/object_repository.go:472.4,473.1 2 0
github.com/bruli-lab/stowmark/internal/infra/gcs/object_repository.go:474.4,475.1 2 0
github.com/bruli-lab/stowmark/internal/infra/gcs/object_repository.go:478.2,478.28 1 0
github.com/bruli-lab/stowmark/internal/infra/gcs/object_repository.go:479.3,480.1 1 0
github.com/bruli-lab/stowmark/internal/infra/gcs/object_repository.go:482.2,482.44 1 0
github.com/bruli-lab/stowmark/internal/infra/gcs/object_repository.go:483.3,483.32 1 0
github.com/bruli-lab/stowmark/internal/infra/gcs/object_repository.go:484.4,485.1 1 0
github.com/bruli-lab/stowmark/internal/infra/gcs/object_repository.go:487.3,487.83 1 0
github.com/bruli-lab/stowmark/internal/infra/gcs/object_repository.go:490.2,490.12 1 0
github.com/bruli-lab/stowmark/internal/infra/gcs/object_repository.go:494.2,494.34 1 0
github.com/bruli-lab/stowmark/internal/infra/gcs/object_repository.go:495.3,496.1 1 0
github.com/bruli-lab/stowmark/internal/infra/gcs/object_repository.go:498.2,498.19 1 0
github.com/bruli-lab/stowmark/internal/infra/gcs/object_repository.go:499.3,500.1 1 0
github.com/bruli-lab/stowmark/internal/infra/gcs/object_repository.go:502.2,508.1 4 0
github.com/bruli-lab/stowmark/internal/infra/gcs/object_repository.go:509.2,509.9 4 0
github.com/bruli-lab/stowmark/internal/infra/gcs/object_repository.go:511.3,511.19 1 0
github.com/bruli-lab/stowmark/internal/infra/gcs/object_repository.go:514.3,514.20 1 0
github.com/bruli-lab/stowmark/internal/infra/gcs/object_repository.go:517.3,517.90 1 0
github.com/bruli-lab/stowmark/internal/infra/gcs/object_repository.go:522.2,522.34 1 0
github.com/bruli-lab/stowmark/internal/infra/gcs/object_repository.go:523.3,524.1 1 0
github.com/bruli-lab/stowmark/internal/infra/gcs/object_repository.go:526.2,526.19 1 0
github.com/bruli-lab/stowmark/internal/infra/gcs/object_repository.go:527.3,531.1 1 0
github.com/bruli-lab/stowmark/internal/infra/gcs/object_repository.go:533.2,535.1 4 0
github.com/bruli-lab/stowmark/internal/infra/gcs/object_repository.go:536.2,540.16 4 0
github.com/bruli-lab/stowmark/internal/infra/gcs/object_repository.go:541.3,541.48 1 0
github.com/bruli-lab/stowmark/internal/infra/gcs/object_repository.go:542.4,543.1 1 0
github.com/bruli-lab/stowmark/internal/infra/gcs/object_repository.go:545.3,550.4 1 0
github.com/bruli-lab/stowmark/internal/infra/gcs/object_repository.go:553.2,553.28 1 0
github.com/bruli-lab/stowmark/internal/infra/gcs/object_repository.go:554.3,555.1 1 0
github.com/bruli-lab/stowmark/internal/infra/gcs/object_repository.go:557.2,558.16 2 0
github.com/bruli-lab/stowmark/internal/infra/gcs/object_repository.go:559.3,561.1 2 0
github.com/bruli-lab/stowmark/internal/infra/gcs/object_repository.go:563.2,566.8 1 0
github.com/bruli-lab/stowmark/internal/infra/gcs/object_repository.go:570.2,570.34 1 0
github.com/bruli-lab/stowmark/internal/infra/gcs/object_repository.go:571.3,572.1 1 0
github.com/bruli-lab/stowmark/internal/infra/gcs/object_repository.go:574.2,574.17 1 0
github.com/bruli-lab/stowmark/internal/infra/gcs/object_repository.go:575.3,576.1 1 0
github.com/bruli-lab/stowmark/internal/infra/gcs/object_repository.go:578.2,578.16 1 0
github.com/bruli-lab/stowmark/internal/infra/gcs/object_repository.go:579.3,580.1 1 0
github.com/bruli-lab/stowmark/internal/infra/gcs/object_repository.go:582.2,583.16 2 0
github.com/bruli-lab/stowmark/internal/infra/gcs/object_repository.go:584.3,585.1 1 0
github.com/bruli-lab/stowmark/internal/infra/gcs/object_repository.go:587.2,588.1 2 0
github.com/bruli-lab/stowmark/internal/infra/gcs/object_repository.go:589.2,589.74 2 0
github.com/bruli-lab/stowmark/internal/infra/gcs/object_repository.go:590.3,591.1 1 0
github.com/bruli-lab/stowmark/internal/infra/gcs/object_repository.go:593.2,594.16 2 0
github.com/bruli-lab/stowmark/internal/infra/gcs/object_repository.go:595.3,596.1 1 0
github.com/bruli-lab/stowmark/internal/infra/gcs/object_repository.go:598.2,600.1 3 0
github.com/bruli-lab/stowmark/internal/infra/gcs/object_repository.go:601.2,601.15 3 0
github.com/bruli-lab/stowmark/internal/infra/gcs/object_repository.go:602.3,602.25 1 0
github.com/bruli-lab/stowmark/internal/infra/gcs/object_repository.go:603.4,604.1 1 0
github.com/bruli-lab/stowmark/internal/infra/gcs/object_repository.go:606.3,606.24 1 0
github.com/bruli-lab/stowmark/internal/infra/gcs/object_repository.go:607.4,608.1 1 0
github.com/bruli-lab/stowmark/internal/infra/gcs/object_repository.go:611.2,612.1 2 0
github.com/bruli-lab/stowmark/internal/infra/gcs/object_repository.go:613.2,613.34 2 0
github.com/bruli-lab/stowmark/internal/infra/gcs/object_repository.go:614.3,614.35 1 0
github.com/bruli-lab/stowmark/internal/infra/gcs/object_repository.go:615.4,616.1 1 0
github.com/bruli-lab/stowmark/internal/infra/gcs/object_repository.go:618.3,619.17 2 0
github.com/bruli-lab/stowmark/internal/infra/gcs/object_repository.go:620.4,627.1 1 0
github.com/bruli-lab/stowmark/internal/infra/gcs/object_repository.go:629.3,629.26 1 0
github.com/bruli-lab/stowmark/internal/infra/gcs/object_repository.go:632.2,632.32 1 0
github.com/bruli-lab/stowmark/internal/infra/gcs/object_repository.go:633.3,639.1 1 0
github.com/bruli-lab/stowmark/internal/infra/gcs/object_repository.go:641.2,641.44 1 0
github.com/bruli-lab/stowmark/internal/infra/gcs/object_repository.go:642.3,644.1 2 0
github.com/bruli-lab/stowmark/internal/infra/gcs/object_repository.go:646.2,648.1 3 0
github.com/bruli-lab/stowmark/internal/infra/gcs/object_repository.go:649.2,649.12 3 0
github.com/bruli-lab/stowmark/internal/infra/gcs/object_repository.go:653.2,653.34 1 0
github.com/bruli-lab/stowmark/internal/infra/gcs/object_repository.go:654.3,655.1 1 0
github.com/bruli-lab/stowmark/internal/infra/gcs/object_repository.go:657.2,657.19 1 0
github.com/bruli-lab/stowmark/internal/infra/gcs/object_repository.go:658.3,659.1 1 0
github.com/bruli-lab/stowmark/internal/infra/gcs/object_repository.go:661.2,663.1 4 0
github.com/bruli-lab/stowmark/internal/infra/gcs/object_repository.go:664.2,665.16 4 0
github.com/bruli-lab/stowmark/internal/infra/gcs/object_repository.go:666.3,666.48 1 0
github.com/bruli-lab/stowmark/internal/infra/gcs/object_repository.go:667.4,668.1 1 0
github.com/bruli-lab/stowmark/internal/infra/gcs/object_repository.go:670.3,670.85 1 0
github.com/bruli-lab/stowmark/internal/infra/gcs/object_repository.go:672.2,672.15 1 0
github.com/bruli-lab/stowmark/internal/infra/gcs/object_repository.go:673.3,674.1 1 0
github.com/bruli-lab/stowmark/internal/infra/gcs/object_repository.go:676.2,677.1 2 0
github.com/bruli-lab/stowmark/internal/infra/gcs/object_repository.go:678.2,678.27 2 0
github.com/bruli-lab/stowmark/internal/infra/gcs/object_repository.go:679.3,680.17 2 0
github.com/bruli-lab/stowmark/internal/infra/gcs/object_repository.go:681.4,682.1 1 0
github.com/bruli-lab/stowmark/internal/infra/gcs/object_repository.go:685.2,686.16 2 0
github.com/bruli-lab/stowmark/internal/infra/gcs/object_repository.go:687.3,688.1 1 0
github.com/bruli-lab/stowmark/internal/infra/gcs/object_repository.go:690.2,691.16 2 0
github.com/bruli-lab/stowmark/internal/infra/gcs/object_repository.go:692.3,693.1 1 0
github.com/bruli-lab/stowmark/internal/infra/gcs/object_repository.go:695.2,695.27 1 0
github.com/bruli-lab/stowmark/internal/infra/gcs/object_repository.go:696.3,697.1 1 0
github.com/bruli-lab/stowmark/internal/infra/gcs/object_repository.go:699.2,703.16 2 0
github.com/bruli-lab/stowmark/internal/infra/gcs/object_repository.go:704.3,705.1 1 0
github.com/bruli-lab/stowmark/internal/infra/gcs/object_repository.go:707.2,707.21 1 0
github.com/bruli-lab/stowmark/internal/infra/gcs/object_repository.go:711.2,717.1 1 0
github.com/bruli-lab/stowmark/internal/infra/gcs/object_repository.go:721.2,722.1 2 0
github.com/bruli-lab/stowmark/internal/infra/gcs/object_repository.go:723.2,725.1 2 0
github.com/bruli-lab/stowmark/internal/infra/model/config.go:34.2,35.16 2 0
github.com/bruli-lab/stowmark/internal/infra/model/config.go:36.3,37.1 1 0
github.com/bruli-lab/stowmark/internal/infra/model/config.go:38.2,39.16 2 0
github.com/bruli-lab/stowmark/internal/infra/model/config.go:40.3,41.1 1 0
github.com/bruli-lab/stowmark/internal/infra/model/config.go:42.2,43.16 2 0
github.com/bruli-lab/stowmark/internal/infra/model/config.go:44.3,45.1 1 0
github.com/bruli-lab/stowmark/internal/infra/model/config.go:46.2,47.28 2 0
github.com/bruli-lab/stowmark/internal/infra/model/config.go:48.3,53.1 1 0
github.com/bruli-lab/stowmark/internal/infra/model/config.go:54.2,54.108 1 0
github.com/bruli-lab/stowmark/internal/infra/model/manifest.go:34.2,35.50 2 0
github.com/bruli-lab/stowmark/internal/infra/model/manifest.go:36.3,41.1 1 0
github.com/bruli-lab/stowmark/internal/infra/model/manifest.go:42.2,46.37 2 0
github.com/bruli-lab/stowmark/internal/infra/model/manifest.go:47.3,49.42 3 0
github.com/bruli-lab/stowmark/internal/infra/model/manifest.go:50.4,51.1 1 0
github.com/bruli-lab/stowmark/internal/infra/model/manifest.go:52.3,53.26 2 0
github.com/bruli-lab/stowmark/internal/infra/model/manifest.go:55.2,56.16 2 0
github.com/bruli-lab/stowmark/internal/infra/model/manifest.go:57.3,58.1 1 0
github.com/bruli-lab/stowmark/internal/infra/model/manifest.go:59.2,60.16 2 0
github.com/bruli-lab/stowmark/internal/infra/model/manifest.go:61.3,62.1 1 0
github.com/bruli-lab/stowmark/internal/infra/model/manifest.go:63.2,70.17 2 0
github.com/bruli-lab/stowmark/internal/infra/model/manifest.go:74.2,75.30 2 0
github.com/bruli-lab/stowmark/internal/infra/model/manifest.go:76.3,77.36 2 0
github.com/bruli-lab/stowmark/internal/infra/model/manifest.go:78.4,82.1 1 0
github.com/bruli-lab/stowmark/internal/infra/model/manifest.go:84.3,89.1 1 0
github.com/bruli-lab/stowmark/internal/infra/model/manifest.go:91.2,100.1 2 0
github.com/bruli-lab/stowmark/internal/infra/model/manifest.go:101.2,101.12 2 0
github.com/bruli-lab/stowmark/internal/infra/model/reader.go:14.2,14.36 1 0
github.com/bruli-lab/stowmark/internal/infra/model/reader.go:15.3,16.1 1 0
github.com/bruli-lab/stowmark/internal/infra/model/reader.go:17.2,17.30 1 0
github.com/bruli-lab/stowmark/internal/infra/model/reader_closer.go:11.2,12.1 1 0
github.com/bruli-lab/stowmark/internal/infra/object/destination.go:19.2,20.18 2 0
github.com/bruli-lab/stowmark/internal/infra/object/destination.go:21.3,22.1 1 0
github.com/bruli-lab/stowmark/internal/infra/object/destination.go:24.2,26.1 3 0
github.com/bruli-lab/stowmark/internal/infra/object/destination.go:27.2,27.14 3 0
github.com/bruli-lab/stowmark/internal/infra/object/destination.go:28.3,29.1 2 0
github.com/bruli-lab/stowmark/internal/infra/object/destination.go:30.3,33.1 2 0
github.com/bruli-lab/stowmark/internal/infra/object/destination.go:36.2,37.1 2 0
github.com/bruli-lab/stowmark/internal/infra/object/destination.go:38.2,41.1 2 0
github.com/bruli-lab/stowmark/internal/infra/object/encoder.go:32.2,32.34 1 0
github.com/bruli-lab/stowmark/internal/infra/object/encoder.go:33.3,34.1 1 0
github.com/bruli-lab/stowmark/internal/infra/object/encoder.go:36.2,36.17 1 0
github.com/bruli-lab/stowmark/internal/infra/object/encoder.go:37.3,38.1 1 0
github.com/bruli-lab/stowmark/internal/infra/object/encoder.go:40.2,41.1 4 0
github.com/bruli-lab/stowmark/internal/infra/object/encoder.go:42.2,43.1 4 0
github.com/bruli-lab/stowmark/internal/infra/object/encoder.go:44.2,45.16 4 0
github.com/bruli-lab/stowmark/internal/infra/object/encoder.go:46.3,47.1 1 0
github.com/bruli-lab/stowmark/internal/infra/object/encoder.go:49.2,50.16 2 0
github.com/bruli-lab/stowmark/internal/infra/object/encoder.go:51.3,52.1 1 0
github.com/bruli-lab/stowmark/internal/infra/object/encoder.go:54.2,61.20 2 0
github.com/bruli-lab/stowmark/internal/infra/object/encoder.go:62.3,62.28 1 0
github.com/bruli-lab/stowmark/internal/infra/object/encoder.go:63.4,64.1 1 0
github.com/bruli-lab/stowmark/internal/infra/object/encoder.go:66.3,72.4 1 0
github.com/bruli-lab/stowmark/internal/infra/object/encoder.go:75.2,75.27 1 0
github.com/bruli-lab/stowmark/internal/infra/object/encoder.go:76.3,76.42 1 0
github.com/bruli-lab/stowmark/internal/infra/object/encoder.go:77.4,82.1 1 0
github.com/bruli-lab/stowmark/internal/infra/object/encoder.go:85.2,85.63 1 0
github.com/bruli-lab/stowmark/internal/infra/object/encoder.go:86.3,87.1 1 0
github.com/bruli-lab/stowmark/internal/infra/object/encoder.go:89.2,89.19 1 0
github.com/bruli-lab/stowmark/internal/infra/object/encoder.go:90.3,91.1 1 0
github.com/bruli-lab/stowmark/internal/infra/object/encoder.go:93.2,94.16 2 0
github.com/bruli-lab/stowmark/internal/infra/object/encoder.go:95.3,96.1 1 0
github.com/bruli-lab/stowmark/internal/infra/object/encoder.go:98.2,98.23 1 0
github.com/bruli-lab/stowmark/internal/infra/object/encoder.go:102.2,103.1 3 0
github.com/bruli-lab/stowmark/internal/infra/object/encoder.go:104.2,105.16 3 0
github.com/bruli-lab/stowmark/internal/infra/object/encoder.go:106.3,107.1 1 0
github.com/bruli-lab/stowmark/internal/infra/object/encoder.go:109.2,116.20 2 0
github.com/bruli-lab/stowmark/internal/infra/object/encoder.go:117.3,117.28 1 0
github.com/bruli-lab/stowmark/internal/infra/object/encoder.go:118.4,119.1 1 0
github.com/bruli-lab/stowmark/internal/infra/object/encoder.go:121.3,121.75 1 0
github.com/bruli-lab/stowmark/internal/infra/object/encoder.go:124.2,124.27 1 0
github.com/bruli-lab/stowmark/internal/infra/object/encoder.go:125.3,125.42 1 0
github.com/bruli-lab/stowmark/internal/infra/object/encoder.go:126.4,127.1 1 0
github.com/bruli-lab/stowmark/internal/infra/object/encoder.go:130.2,130.23 1 0
github.com/bruli-lab/stowmark/internal/infra/object/encoder.go:134.2,137.1 1 0
github.com/bruli-lab/stowmark/internal/infra/object/encoder.go:141.2,143.1 3 0
github.com/bruli-lab/stowmark/internal/infra/object/encoder.go:144.2,144.36 3 0
github.com/bruli-lab/stowmark/internal/infra/object/encoder.go:145.3,146.1 1 0
github.com/bruli-lab/stowmark/internal/infra/object/encoder.go:148.2,148.12 1 0
github.com/bruli-lab/stowmark/internal/infra/object/encrypted_generation_path.go:12.2,12.18 1 0
github.com/bruli-lab/stowmark/internal/infra/object/encrypted_generation_path.go:14.3,18.39 1 0
github.com/bruli-lab/stowmark/internal/infra/object/encrypted_generation_path.go:19.10,19.10 0 0
github.com/bruli-lab/stowmark/internal/infra/object/encrypted_generation_path.go:21.2,25.38 1 0
github.com/bruli-lab/stowmark/internal/infra/object/hash.go:11.2,11.16 1 0
github.com/bruli-lab/stowmark/internal/infra/object/hash.go:12.3,13.1 1 0
github.com/bruli-lab/stowmark/internal/infra/object/hash.go:15.2,16.21 2 0
github.com/bruli-lab/stowmark/internal/infra/object/hash.go:17.3,18.1 2 0
github.com/bruli-lab/stowmark/internal/infra/object/hash.go:19.3,19.36 2 0
github.com/bruli-lab/stowmark/internal/infra/object/hash.go:20.4,21.21 2 0
github.com/bruli-lab/stowmark/internal/infra/object/hash.go:22.5,28.1 1 0
github.com/bruli-lab/stowmark/internal/infra/object/hash.go:30.4,30.33 1 0
github.com/bruli-lab/stowmark/internal/infra/object/hash.go:33.3,33.21 1 0
github.com/bruli-lab/stowmark/internal/infra/object/hash.go:36.2,37.19 2 0
github.com/bruli-lab/stowmark/internal/infra/object/hash.go:38.3,43.1 1 0
github.com/bruli-lab/stowmark/internal/infra/object/hash.go:45.2,45.28 1 0
github.com/bruli-lab/stowmark/internal/infra/middlewares/command_middlewares.go:12.2,15.16 4 0
github.com/bruli-lab/stowmark/internal/infra/middlewares/command_middlewares.go:16.3,17.1 1 0
github.com/bruli-lab/stowmark/internal/infra/middlewares/command_middlewares.go:18.2,19.22 2 0
github.com/bruli-lab/stowmark/internal/infra/middlewares/query_middlewares.go:12.2,15.16 4 0
github.com/bruli-lab/stowmark/internal/infra/middlewares/query_middlewares.go:16.3,17.1 1 0
github.com/bruli-lab/stowmark/internal/infra/middlewares/query_middlewares.go:18.2,19.22 2 0
github.com/bruli-lab/stowmark/internal/infra/observability/command_metrics.go:22.2,27.16 2 0
github.com/bruli-lab/stowmark/internal/infra/observability/command_metrics.go:28.3,29.1 1 0
github.com/bruli-lab/stowmark/internal/infra/observability/command_metrics.go:31.2,36.16 2 0
github.com/bruli-lab/stowmark/internal/infra/observability/command_metrics.go:37.3,38.1 1 0
github.com/bruli-lab/stowmark/internal/infra/observability/command_metrics.go:40.2,45.16 2 0
github.com/bruli-lab/stowmark/internal/infra/observability/command_metrics.go:46.3,47.1 1 0
github.com/bruli-lab/stowmark/internal/infra/observability/command_metrics.go:49.2,53.8 1 0
github.com/bruli-lab/stowmark/internal/infra/observability/level_handler.go:16.2,19.1 1 0
github.com/bruli-lab/stowmark/internal/infra/observability/level_handler.go:23.2,25.1 1 0
github.com/bruli-lab/stowmark/internal/infra/observability/level_handler.go:29.2,30.1 1 0
github.com/bruli-lab/stowmark/internal/infra/observability/level_handler.go:33.2,36.1 1 0
github.com/bruli-lab/stowmark/internal/infra/observability/level_handler.go:40.2,43.1 1 0
github.com/bruli-lab/stowmark/internal/infra/observability/logger.go:15.2,16.1 4 0
github.com/bruli-lab/stowmark/internal/infra/observability/logger.go:17.2,19.1 4 0
github.com/bruli-lab/stowmark/internal/infra/observability/logger.go:20.2,20.18 4 0
github.com/bruli-lab/stowmark/internal/infra/observability/logger.go:22.3,22.39 1 0
github.com/bruli-lab/stowmark/internal/infra/observability/logger.go:24.3,24.39 1 0
github.com/bruli-lab/stowmark/internal/infra/observability/logger.go:26.3,26.67 1 0
github.com/bruli-lab/stowmark/internal/infra/observability/logger.go:29.2,29.16 1 0
github.com/bruli-lab/stowmark/internal/infra/observability/logger.go:30.3,31.1 1 0
github.com/bruli-lab/stowmark/internal/infra/observability/logger.go:33.2,34.1 2 0
github.com/bruli-lab/stowmark/internal/infra/observability/logger.go:35.2,38.8 2 0
github.com/bruli-lab/stowmark/internal/infra/observability/meter.go:25.2,26.1 4 0
github.com/bruli-lab/stowmark/internal/infra/observability/meter.go:27.2,29.1 4 0
github.com/bruli-lab/stowmark/internal/infra/observability/meter.go:30.2,30.18 4 0
github.com/bruli-lab/stowmark/internal/infra/observability/meter.go:32.3,32.42 1 0
github.com/bruli-lab/stowmark/internal/infra/observability/meter.go:34.3,34.42 1 0
github.com/bruli-lab/stowmark/internal/infra/observability/meter.go:36.3,39.4 1 0
github.com/bruli-lab/stowmark/internal/infra/observability/meter.go:42.2,42.16 1 0
github.com/bruli-lab/stowmark/internal/infra/observability/meter.go:43.3,47.1 1 0
github.com/bruli-lab/stowmark/internal/infra/observability/meter.go:49.2,54.1 2 0
github.com/bruli-lab/stowmark/internal/infra/observability/meter.go:55.2,58.8 2 0
github.com/bruli-lab/stowmark/internal/infra/observability/multi_handler.go:14.2,16.1 1 0
github.com/bruli-lab/stowmark/internal/infra/observability/multi_handler.go:20.2,20.37 1 0
github.com/bruli-lab/stowmark/internal/infra/observability/multi_handler.go:21.3,21.34 1 0
github.com/bruli-lab/stowmark/internal/infra/observability/multi_handler.go:22.4,23.1 1 0
github.com/bruli-lab/stowmark/internal/infra/observability/multi_handler.go:26.2,26.14 1 0
github.com/bruli-lab/stowmark/internal/infra/observability/multi_handler.go:31.2,32.1 2 0
github.com/bruli-lab/stowmark/internal/infra/observability/multi_handler.go:33.2,33.37 2 0
github.com/bruli-lab/stowmark/internal/infra/observability/multi_handler.go:34.3,34.42 1 0
github.com/bruli-lab/stowmark/internal/infra/observability/multi_handler.go:35.4,35.12 1 0
github.com/bruli-lab/stowmark/internal/infra/observability/multi_handler.go:38.3,38.61 1 0
github.com/bruli-lab/stowmark/internal/infra/observability/multi_handler.go:39.4,40.1 1 0
github.com/bruli-lab/stowmark/internal/infra/observability/multi_handler.go:43.2,43.29 1 0
github.com/bruli-lab/stowmark/internal/infra/observability/multi_handler.go:47.2,48.1 2 0
github.com/bruli-lab/stowmark/internal/infra/observability/multi_handler.go:49.2,49.37 2 0
github.com/bruli-lab/stowmark/internal/infra/observability/multi_handler.go:50.3,51.1 1 0
github.com/bruli-lab/stowmark/internal/infra/observability/multi_handler.go:53.2,55.1 1 0
github.com/bruli-lab/stowmark/internal/infra/observability/multi_handler.go:59.2,60.1 2 0
github.com/bruli-lab/stowmark/internal/infra/observability/multi_handler.go:61.2,61.37 2 0
github.com/bruli-lab/stowmark/internal/infra/observability/multi_handler.go:62.3,63.1 1 0
github.com/bruli-lab/stowmark/internal/infra/observability/multi_handler.go:65.2,67.1 1 0
github.com/bruli-lab/stowmark/internal/infra/observability/noop.go:14.2,21.41 1 0
github.com/bruli-lab/stowmark/internal/infra/observability/noop.go:22.4,23.1 1 0
github.com/bruli-lab/stowmark/internal/infra/observability/observability.go:14.2,14.74 1 0
github.com/bruli-lab/stowmark/internal/infra/observability/observability.go:15.3,16.1 1 0
github.com/bruli-lab/stowmark/internal/infra/observability/observability.go:17.2,17.28 1 0
github.com/bruli-lab/stowmark/internal/infra/observability/observability.go:21.2,22.16 2 0
github.com/bruli-lab/stowmark/internal/infra/observability/observability.go:23.3,24.1 1 0
github.com/bruli-lab/stowmark/internal/infra/observability/observability.go:26.2,27.16 2 0
github.com/bruli-lab/stowmark/internal/infra/observability/observability.go:28.3,29.1 1 0
github.com/bruli-lab/stowmark/internal/infra/observability/observability.go:31.2,32.16 2 0
github.com/bruli-lab/stowmark/internal/infra/observability/observability.go:33.3,34.1 2 0
github.com/bruli-lab/stowmark/internal/infra/observability/observability.go:35.3,36.1 2 0
github.com/bruli-lab/stowmark/internal/infra/observability/observability.go:38.2,39.16 2 0
github.com/bruli-lab/stowmark/internal/infra/observability/observability.go:40.3,42.1 3 0
github.com/bruli-lab/stowmark/internal/infra/observability/observability.go:43.3,44.1 3 0
github.com/bruli-lab/stowmark/internal/infra/observability/observability.go:45.2,46.1 5 0
github.com/bruli-lab/stowmark/internal/infra/observability/observability.go:47.2,53.1 5 0
github.com/bruli-lab/stowmark/internal/infra/observability/observability.go:54.2,58.1 5 0
github.com/bruli-lab/stowmark/internal/infra/observability/observability.go:59.2,65.1 5 0
github.com/bruli-lab/stowmark/internal/infra/observability/observability.go:66.2,66.46 5 0
github.com/bruli-lab/stowmark/internal/infra/observability/observability.go:67.3,72.1 1 0
github.com/bruli-lab/stowmark/internal/infra/observability/observability.go:74.2,80.8 1 0
github.com/bruli-lab/stowmark/internal/infra/observability/observability.go:84.2,84.15 1 0
github.com/bruli-lab/stowmark/internal/infra/observability/observability.go:86.3,86.24 1 0
github.com/bruli-lab/stowmark/internal/infra/observability/observability.go:88.3,88.24 1 0
github.com/bruli-lab/stowmark/internal/infra/observability/observability.go:90.3,90.25 1 0
github.com/bruli-lab/stowmark/internal/infra/observability/observability.go:92.3,92.25 1 0
github.com/bruli-lab/stowmark/internal/infra/observability/otlp_observability.go:23.2,24.1 1 0
github.com/bruli-lab/stowmark/internal/infra/observability/otlp_observability.go:27.2,28.1 1 0
github.com/bruli-lab/stowmark/internal/infra/observability/otlp_observability.go:31.2,31.23 1 0
github.com/bruli-lab/stowmark/internal/infra/observability/otlp_observability.go:32.3,33.1 1 0
github.com/bruli-lab/stowmark/internal/infra/observability/otlp_observability.go:35.2,35.24 1 0
github.com/bruli-lab/stowmark/internal/infra/observability/otlp_observability.go:45.2,51.1 1 0
github.com/bruli-lab/stowmark/internal/infra/observability/protocol.go:10.2,11.35 1 0
github.com/bruli-lab/stowmark/internal/infra/observability/protocol.go:12.3,13.1 1 0
github.com/bruli-lab/stowmark/internal/infra/observability/protocol.go:15.2,15.34 1 0
github.com/bruli-lab/stowmark/internal/infra/observability/query_metrics.go:15.2,20.16 2 0
github.com/bruli-lab/stowmark/internal/infra/observability/query_metrics.go:21.3,22.1 1 0
github.com/bruli-lab/stowmark/internal/infra/observability/query_metrics.go:24.2,29.16 2 0
github.com/bruli-lab/stowmark/internal/infra/observability/query_metrics.go:30.3,31.1 1 0
github.com/bruli-lab/stowmark/internal/infra/observability/query_metrics.go:33.2,36.8 1 0
github.com/bruli-lab/stowmark/internal/infra/observability/resource.go:15.2,16.1 2 0
github.com/bruli-lab/stowmark/internal/infra/observability/resource.go:17.2,17.62 2 0
github.com/bruli-lab/stowmark/internal/infra/observability/resource.go:18.3,19.1 1 0
github.com/bruli-lab/stowmark/internal/infra/observability/resource.go:21.2,29.16 2 0
github.com/bruli-lab/stowmark/internal/infra/observability/resource.go:30.3,31.1 1 0
github.com/bruli-lab/stowmark/internal/infra/observability/resource.go:33.2,33.17 1 0
github.com/bruli-lab/stowmark/internal/infra/observability/tracer.go:15.2,16.1 4 0
github.com/bruli-lab/stowmark/internal/infra/observability/tracer.go:17.2,19.1 4 0
github.com/bruli-lab/stowmark/internal/infra/observability/tracer.go:20.2,20.18 4 0
github.com/bruli-lab/stowmark/internal/infra/observability/tracer.go:22.3,22.41 1 0
github.com/bruli-lab/stowmark/internal/infra/observability/tracer.go:24.3,24.41 1 0
github.com/bruli-lab/stowmark/internal/infra/observability/tracer.go:26.3,26.67 1 0
github.com/bruli-lab/stowmark/internal/infra/observability/tracer.go:29.2,29.16 1 0
github.com/bruli-lab/stowmark/internal/infra/observability/tracer.go:30.3,31.1 1 0
github.com/bruli-lab/stowmark/internal/infra/observability/tracer.go:33.2,36.8 1 0
github.com/bruli-lab/stowmark/internal/infra/s3/client.go:17.2,21.16 2 0
github.com/bruli-lab/stowmark/internal/infra/s3/client.go:22.3,23.1 1 0
github.com/bruli-lab/stowmark/internal/infra/s3/client.go:25.2,25.25 1 0
github.com/bruli-lab/stowmark/internal/infra/s3/client.go:26.3,27.1 2 0
github.com/bruli-lab/stowmark/internal/infra/s3/client.go:28.3,29.1 2 0
github.com/bruli-lab/stowmark/internal/infra/s3/client.go:31.2,31.63 1 0
github.com/bruli-lab/stowmark/internal/infra/s3/client.go:32.3,32.26 1 0
github.com/bruli-lab/stowmark/internal/infra/s3/client.go:33.4,34.1 1 0
github.com/bruli-lab/stowmark/internal/infra/s3/client.go:36.3,36.27 1 0
github.com/bruli-lab/stowmark/internal/infra/s3/client.go:37.4,38.1 1 0
github.com/bruli-lab/stowmark/internal/infra/s3/client.go:41.2,41.20 1 0
github.com/bruli-lab/stowmark/internal/infra/s3/folder_repository_repository.go:29.2,29.34 1 0
github.com/bruli-lab/stowmark/internal/infra/s3/folder_repository_repository.go:30.3,31.1 1 0
github.com/bruli-lab/stowmark/internal/infra/s3/folder_repository_repository.go:33.2,37.1 3 0
github.com/bruli-lab/stowmark/internal/infra/s3/folder_repository_repository.go:38.2,42.16 3 0
github.com/bruli-lab/stowmark/internal/infra/s3/folder_repository_repository.go:43.3,44.1 1 0
github.com/bruli-lab/stowmark/internal/infra/s3/folder_repository_repository.go:46.2,46.54 1 0
github.com/bruli-lab/stowmark/internal/infra/s3/folder_repository_repository.go:47.3,48.1 1 0
github.com/bruli-lab/stowmark/internal/infra/s3/folder_repository_repository.go:50.2,50.59 1 0
github.com/bruli-lab/stowmark/internal/infra/s3/folder_repository_repository.go:51.3,51.29 1 0
github.com/bruli-lab/stowmark/internal/infra/s3/folder_repository_repository.go:53.4,53.21 1 0
github.com/bruli-lab/stowmark/internal/infra/s3/folder_repository_repository.go:57.2,62.3 1 0
github.com/bruli-lab/stowmark/internal/infra/s3/folder_repository_repository.go:66.2,66.34 1 0
github.com/bruli-lab/stowmark/internal/infra/s3/folder_repository_repository.go:67.3,68.1 1 0
github.com/bruli-lab/stowmark/internal/infra/s3/folder_repository_repository.go:69.2,69.12 1 0
github.com/bruli-lab/stowmark/internal/infra/s3/folder_repository_repository.go:73.2,74.16 2 0
github.com/bruli-lab/stowmark/internal/infra/s3/folder_repository_repository.go:75.3,76.1 1 0
github.com/bruli-lab/stowmark/internal/infra/s3/folder_repository_repository.go:78.2,85.16 3 0
github.com/bruli-lab/stowmark/internal/infra/s3/folder_repository_repository.go:86.3,92.1 1 0
github.com/bruli-lab/stowmark/internal/infra/s3/folder_repository_repository.go:93.2,93.12 1 0
github.com/bruli-lab/stowmark/internal/infra/s3/folder_repository_repository.go:97.2,97.34 1 0
github.com/bruli-lab/stowmark/internal/infra/s3/folder_repository_repository.go:98.3,99.1 1 0
github.com/bruli-lab/stowmark/internal/infra/s3/folder_repository_repository.go:101.2,102.1 3 0
github.com/bruli-lab/stowmark/internal/infra/s3/folder_repository_repository.go:103.2,107.16 3 0
github.com/bruli-lab/stowmark/internal/infra/s3/folder_repository_repository.go:109.3,109.60 1 0
github.com/bruli-lab/stowmark/internal/infra/s3/folder_repository_repository.go:110.4,110.30 1 0
github.com/bruli-lab/stowmark/internal/infra/s3/folder_repository_repository.go:112.5,114.6 1 0
github.com/bruli-lab/stowmark/internal/infra/s3/folder_repository_repository.go:118.3,123.4 1 0
github.com/bruli-lab/stowmark/internal/infra/s3/folder_repository_repository.go:125.2,125.15 1 0
github.com/bruli-lab/stowmark/internal/infra/s3/folder_repository_repository.go:126.3,127.1 1 0
github.com/bruli-lab/stowmark/internal/infra/s3/folder_repository_repository.go:129.2,130.16 2 0
github.com/bruli-lab/stowmark/internal/infra/s3/folder_repository_repository.go:131.3,137.1 1 0
github.com/bruli-lab/stowmark/internal/infra/s3/folder_repository_repository.go:139.2,140.52 2 0
github.com/bruli-lab/stowmark/internal/infra/s3/folder_repository_repository.go:141.3,142.1 1 0
github.com/bruli-lab/stowmark/internal/infra/s3/folder_repository_repository.go:144.2,144.38 1 0
github.com/bruli-lab/stowmark/internal/infra/s3/folder_repository_repository.go:148.2,149.1 1 0
github.com/bruli-lab/stowmark/internal/infra/s3/manifest_repository.go:29.2,29.34 1 0
github.com/bruli-lab/stowmark/internal/infra/s3/manifest_repository.go:30.3,31.1 1 0
github.com/bruli-lab/stowmark/internal/infra/s3/manifest_repository.go:33.2,34.1 3 0
github.com/bruli-lab/stowmark/internal/infra/s3/manifest_repository.go:35.2,36.16 3 0
github.com/bruli-lab/stowmark/internal/infra/s3/manifest_repository.go:37.3,38.1 1 0
github.com/bruli-lab/stowmark/internal/infra/s3/manifest_repository.go:39.2,40.1 5 0
github.com/bruli-lab/stowmark/internal/infra/s3/manifest_repository.go:41.2,47.1 5 0
github.com/bruli-lab/stowmark/internal/infra/s3/manifest_repository.go:48.2,54.16 5 0
github.com/bruli-lab/stowmark/internal/infra/s3/manifest_repository.go:55.3,61.1 1 0
github.com/bruli-lab/stowmark/internal/infra/s3/manifest_repository.go:63.2,63.12 1 0
github.com/bruli-lab/stowmark/internal/infra/s3/manifest_repository.go:67.2,67.34 1 0
github.com/bruli-lab/stowmark/internal/infra/s3/manifest_repository.go:68.3,69.1 1 0
github.com/bruli-lab/stowmark/internal/infra/s3/manifest_repository.go:71.2,75.1 4 0
github.com/bruli-lab/stowmark/internal/infra/s3/manifest_repository.go:76.2,83.1 4 0
github.com/bruli-lab/stowmark/internal/infra/s3/manifest_repository.go:84.2,85.1 4 0
github.com/bruli-lab/stowmark/internal/infra/s3/manifest_repository.go:86.2,86.31 4 0
github.com/bruli-lab/stowmark/internal/infra/s3/manifest_repository.go:87.3,88.17 2 0
github.com/bruli-lab/stowmark/internal/infra/s3/manifest_repository.go:89.4,95.1 1 0
github.com/bruli-lab/stowmark/internal/infra/s3/manifest_repository.go:97.3,97.40 1 0
github.com/bruli-lab/stowmark/internal/infra/s3/manifest_repository.go:98.4,98.25 1 0
github.com/bruli-lab/stowmark/internal/infra/s3/manifest_repository.go:99.5,99.13 1 0
github.com/bruli-lab/stowmark/internal/infra/s3/manifest_repository.go:102.4,103.1 3 0
github.com/bruli-lab/stowmark/internal/infra/s3/manifest_repository.go:104.4,105.18 3 0
github.com/bruli-lab/stowmark/internal/infra/s3/manifest_repository.go:106.5,107.1 1 0
github.com/bruli-lab/stowmark/internal/infra/s3/manifest_repository.go:109.4,109.44 1 0
github.com/bruli-lab/stowmark/internal/infra/s3/manifest_repository.go:113.2,115.36 1 0
github.com/bruli-lab/stowmark/internal/infra/s3/manifest_repository.go:116.4,117.1 1 0
github.com/bruli-lab/stowmark/internal/infra/s3/manifest_repository.go:120.2,120.23 1 0
github.com/bruli-lab/stowmark/internal/infra/s3/manifest_repository.go:124.2,128.16 2 0
github.com/bruli-lab/stowmark/internal/infra/s3/manifest_repository.go:129.3,129.27 1 0
github.com/bruli-lab/stowmark/internal/infra/s3/manifest_repository.go:130.4,131.1 1 0
github.com/bruli-lab/stowmark/internal/infra/s3/manifest_repository.go:133.3,133.83 1 0
github.com/bruli-lab/stowmark/internal/infra/s3/manifest_repository.go:136.2,138.1 3 0
github.com/bruli-lab/stowmark/internal/infra/s3/manifest_repository.go:139.2,139.20 3 0
github.com/bruli-lab/stowmark/internal/infra/s3/manifest_repository.go:140.3,141.1 1 0
github.com/bruli-lab/stowmark/internal/infra/s3/manifest_repository.go:143.2,143.21 1 0
github.com/bruli-lab/stowmark/internal/infra/s3/manifest_repository.go:144.3,145.1 1 0
github.com/bruli-lab/stowmark/internal/infra/s3/manifest_repository.go:147.2,148.16 2 0
github.com/bruli-lab/stowmark/internal/infra/s3/manifest_repository.go:149.3,150.1 1 0
github.com/bruli-lab/stowmark/internal/infra/s3/manifest_repository.go:152.2,152.22 1 0
github.com/bruli-lab/stowmark/internal/infra/s3/manifest_repository.go:156.2,156.34 1 0
github.com/bruli-lab/stowmark/internal/infra/s3/manifest_repository.go:157.3,158.1 1 0
github.com/bruli-lab/stowmark/internal/infra/s3/manifest_repository.go:160.2,161.1 4 0
github.com/bruli-lab/stowmark/internal/infra/s3/manifest_repository.go:162.2,167.1 4 0
github.com/bruli-lab/stowmark/internal/infra/s3/manifest_repository.go:168.2,169.16 4 0
github.com/bruli-lab/stowmark/internal/infra/s3/manifest_repository.go:170.3,171.1 1 0
github.com/bruli-lab/stowmark/internal/infra/s3/manifest_repository.go:173.2,173.22 1 0
github.com/bruli-lab/stowmark/internal/infra/s3/manifest_repository.go:177.2,178.1 1 0
github.com/bruli-lab/stowmark/internal/infra/s3/manifest_repository.go:181.2,181.55 1 0
github.com/bruli-lab/stowmark/internal/infra/s3/manifest_repository.go:182.3,183.1 1 0
github.com/bruli-lab/stowmark/internal/infra/s3/manifest_repository.go:185.2,185.54 1 0
github.com/bruli-lab/stowmark/internal/infra/s3/manifest_repository.go:186.3,187.1 1 0
github.com/bruli-lab/stowmark/internal/infra/s3/manifest_repository.go:189.2,189.59 1 0
github.com/bruli-lab/stowmark/internal/infra/s3/manifest_repository.go:190.3,190.29 1 0
github.com/bruli-lab/stowmark/internal/infra/s3/manifest_repository.go:192.4,192.15 1 0
github.com/bruli-lab/stowmark/internal/infra/s3/manifest_repository.go:196.2,196.14 1 0
github.com/bruli-lab/stowmark/internal/infra/s3/object_repository.go:41.2,41.34 1 0
github.com/bruli-lab/stowmark/internal/infra/s3/object_repository.go:42.3,43.1 1 0
github.com/bruli-lab/stowmark/internal/infra/s3/object_repository.go:45.2,46.1 2 0
github.com/bruli-lab/stowmark/internal/infra/s3/object_repository.go:47.2,47.37 2 0
github.com/bruli-lab/stowmark/internal/infra/s3/object_repository.go:48.3,49.1 1 0
github.com/bruli-lab/stowmark/internal/infra/s3/object_repository.go:51.2,58.1 3 0
github.com/bruli-lab/stowmark/internal/infra/s3/object_repository.go:59.2,60.1 3 0
github.com/bruli-lab/stowmark/internal/infra/s3/object_repository.go:61.2,61.31 3 0
github.com/bruli-lab/stowmark/internal/infra/s3/object_repository.go:62.3,63.17 2 0
github.com/bruli-lab/stowmark/internal/infra/s3/object_repository.go:64.4,65.1 1 0
github.com/bruli-lab/stowmark/internal/infra/s3/object_repository.go:67.3,67.38 1 0
github.com/bruli-lab/stowmark/internal/infra/s3/object_repository.go:68.4,71.1 4 0
github.com/bruli-lab/stowmark/internal/infra/s3/object_repository.go:72.4,74.20 4 0
github.com/bruli-lab/stowmark/internal/infra/s3/object_repository.go:75.5,75.13 1 0
github.com/bruli-lab/stowmark/internal/infra/s3/object_repository.go:78.4,81.5 1 0
github.com/bruli-lab/stowmark/internal/infra/s3/object_repository.go:85.2,86.1 2 0
github.com/bruli-lab/stowmark/internal/infra/s3/object_repository.go:87.2,87.20 2 0
github.com/bruli-lab/stowmark/internal/infra/s3/object_repository.go:91.2,91.34 1 0
github.com/bruli-lab/stowmark/internal/infra/s3/object_repository.go:92.3,93.1 1 0
github.com/bruli-lab/stowmark/internal/infra/s3/object_repository.go:95.2,95.19 1 0
github.com/bruli-lab/stowmark/internal/infra/s3/object_repository.go:96.3,97.1 1 0
github.com/bruli-lab/stowmark/internal/infra/s3/object_repository.go:99.2,99.19 1 0
github.com/bruli-lab/stowmark/internal/infra/s3/object_repository.go:100.3,101.1 1 0
github.com/bruli-lab/stowmark/internal/infra/s3/object_repository.go:103.2,104.1 4 0
github.com/bruli-lab/stowmark/internal/infra/s3/object_repository.go:105.2,110.1 4 0
github.com/bruli-lab/stowmark/internal/infra/s3/object_repository.go:111.2,118.16 4 0
github.com/bruli-lab/stowmark/internal/infra/s3/object_repository.go:119.3,119.56 1 0
github.com/bruli-lab/stowmark/internal/infra/s3/object_repository.go:120.4,121.1 1 0
github.com/bruli-lab/stowmark/internal/infra/s3/object_repository.go:123.3,126.39 2 0
github.com/bruli-lab/stowmark/internal/infra/s3/object_repository.go:127.4,128.1 1 0
github.com/bruli-lab/stowmark/internal/infra/s3/object_repository.go:130.3,130.97 1 0
github.com/bruli-lab/stowmark/internal/infra/s3/object_repository.go:133.2,137.16 2 0
github.com/bruli-lab/stowmark/internal/infra/s3/object_repository.go:138.3,139.1 2 0
github.com/bruli-lab/stowmark/internal/infra/s3/object_repository.go:140.3,141.1 2 0
github.com/bruli-lab/stowmark/internal/infra/s3/object_repository.go:143.2,146.8 1 0
github.com/bruli-lab/stowmark/internal/infra/s3/object_repository.go:150.2,150.34 1 0
github.com/bruli-lab/stowmark/internal/infra/s3/object_repository.go:151.3,152.1 1 0
github.com/bruli-lab/stowmark/internal/infra/s3/object_repository.go:154.2,154.19 1 0
github.com/bruli-lab/stowmark/internal/infra/s3/object_repository.go:155.3,156.1 1 0
github.com/bruli-lab/stowmark/internal/infra/s3/object_repository.go:158.2,158.19 1 0
github.com/bruli-lab/stowmark/internal/infra/s3/object_repository.go:159.3,160.1 1 0
github.com/bruli-lab/stowmark/internal/infra/s3/object_repository.go:162.2,162.19 1 0
github.com/bruli-lab/stowmark/internal/infra/s3/object_repository.go:163.3,164.1 1 0
github.com/bruli-lab/stowmark/internal/infra/s3/object_repository.go:166.2,167.1 5 0
github.com/bruli-lab/stowmark/internal/infra/s3/object_repository.go:168.2,173.1 5 0
github.com/bruli-lab/stowmark/internal/infra/s3/object_repository.go:174.2,176.1 5 0
github.com/bruli-lab/stowmark/internal/infra/s3/object_repository.go:177.2,177.12 5 0
github.com/bruli-lab/stowmark/internal/infra/s3/object_repository.go:178.3,179.17 2 0
github.com/bruli-lab/stowmark/internal/infra/s3/object_repository.go:180.4,181.1 3 0
github.com/bruli-lab/stowmark/internal/infra/s3/object_repository.go:182.4,183.1 3 0
github.com/bruli-lab/stowmark/internal/infra/s3/object_repository.go:184.4,185.1 3 0
github.com/bruli-lab/stowmark/internal/infra/s3/object_repository.go:187.3,187.60 1 0
github.com/bruli-lab/stowmark/internal/infra/s3/object_repository.go:188.4,190.1 4 0
github.com/bruli-lab/stowmark/internal/infra/s3/object_repository.go:191.4,192.1 4 0
github.com/bruli-lab/stowmark/internal/infra/s3/object_repository.go:193.4,194.1 4 0
github.com/bruli-lab/stowmark/internal/infra/s3/object_repository.go:196.3,196.42 1 0
github.com/bruli-lab/stowmark/internal/infra/s3/object_repository.go:197.4,198.1 3 0
github.com/bruli-lab/stowmark/internal/infra/s3/object_repository.go:199.4,200.1 3 0
github.com/bruli-lab/stowmark/internal/infra/s3/object_repository.go:201.4,202.1 3 0
github.com/bruli-lab/stowmark/internal/infra/s3/object_repository.go:204.3,204.40 1 0
github.com/bruli-lab/stowmark/internal/infra/s3/object_repository.go:205.4,206.1 2 0
github.com/bruli-lab/stowmark/internal/infra/s3/object_repository.go:207.4,208.1 2 0
github.com/bruli-lab/stowmark/internal/infra/s3/object_repository.go:210.3,210.22 1 0
github.com/bruli-lab/stowmark/internal/infra/s3/object_repository.go:213.2,214.1 3 0
github.com/bruli-lab/stowmark/internal/infra/s3/object_repository.go:215.2,223.1 3 0
github.com/bruli-lab/stowmark/internal/infra/s3/object_repository.go:224.2,224.22 3 0
github.com/bruli-lab/stowmark/internal/infra/s3/object_repository.go:225.3,226.1 1 0
github.com/bruli-lab/stowmark/internal/infra/s3/object_repository.go:227.3,228.1 1 0
github.com/bruli-lab/stowmark/internal/infra/s3/object_repository.go:230.2,231.1 2 0
github.com/bruli-lab/stowmark/internal/infra/s3/object_repository.go:232.2,232.22 2 0
github.com/bruli-lab/stowmark/internal/infra/s3/object_repository.go:233.3,234.1 1 0
github.com/bruli-lab/stowmark/internal/infra/s3/object_repository.go:236.2,236.22 1 0
github.com/bruli-lab/stowmark/internal/infra/s3/object_repository.go:237.3,238.1 1 0
github.com/bruli-lab/stowmark/internal/infra/s3/object_repository.go:240.2,240.12 1 0
github.com/bruli-lab/stowmark/internal/infra/s3/object_repository.go:244.2,244.34 1 0
github.com/bruli-lab/stowmark/internal/infra/s3/object_repository.go:245.3,246.1 1 0
github.com/bruli-lab/stowmark/internal/infra/s3/object_repository.go:248.2,249.1 2 0
github.com/bruli-lab/stowmark/internal/infra/s3/object_repository.go:250.2,250.37 2 0
github.com/bruli-lab/stowmark/internal/infra/s3/object_repository.go:251.3,252.1 1 0
github.com/bruli-lab/stowmark/internal/infra/s3/object_repository.go:254.2,261.1 2 0
github.com/bruli-lab/stowmark/internal/infra/s3/object_repository.go:262.2,262.31 2 0
github.com/bruli-lab/stowmark/internal/infra/s3/object_repository.go:263.3,264.17 2 0
github.com/bruli-lab/stowmark/internal/infra/s3/object_repository.go:265.4,266.1 1 0
github.com/bruli-lab/stowmark/internal/infra/s3/object_repository.go:268.3,268.38 1 0
github.com/bruli-lab/stowmark/internal/infra/s3/object_repository.go:269.4,270.24 2 0
github.com/bruli-lab/stowmark/internal/infra/s3/object_repository.go:271.5,271.13 1 0
github.com/bruli-lab/stowmark/internal/infra/s3/object_repository.go:274.4,281.18 2 0
github.com/bruli-lab/stowmark/internal/infra/s3/object_repository.go:282.5,283.1 1 0
github.com/bruli-lab/stowmark/internal/infra/s3/object_repository.go:287.2,287.12 1 0
github.com/bruli-lab/stowmark/internal/infra/s3/object_repository.go:291.2,291.69 1 0
github.com/bruli-lab/stowmark/internal/infra/s3/object_repository.go:292.3,293.1 1 0
github.com/bruli-lab/stowmark/internal/infra/s3/object_repository.go:294.2,294.12 1 0
github.com/bruli-lab/stowmark/internal/infra/s3/object_repository.go:298.2,298.19 1 0
github.com/bruli-lab/stowmark/internal/infra/s3/object_repository.go:299.3,300.1 1 0
github.com/bruli-lab/stowmark/internal/infra/s3/object_repository.go:302.2,304.1 4 0
github.com/bruli-lab/stowmark/internal/infra/s3/object_repository.go:305.2,312.16 4 0
github.com/bruli-lab/stowmark/internal/infra/s3/object_repository.go:313.3,313.28 1 0
github.com/bruli-lab/stowmark/internal/infra/s3/object_repository.go:314.4,315.1 1 0
github.com/bruli-lab/stowmark/internal/infra/s3/object_repository.go:317.3,317.87 1 0
github.com/bruli-lab/stowmark/internal/infra/s3/object_repository.go:320.2,321.19 2 0
github.com/bruli-lab/stowmark/internal/infra/s3/object_repository.go:322.3,323.1 1 0
github.com/bruli-lab/stowmark/internal/infra/s3/object_repository.go:325.2,325.28 1 0
github.com/bruli-lab/stowmark/internal/infra/s3/object_repository.go:326.3,327.1 1 0
github.com/bruli-lab/stowmark/internal/infra/s3/object_repository.go:329.2,330.16 2 0
github.com/bruli-lab/stowmark/internal/infra/s3/object_repository.go:331.3,333.1 2 0
github.com/bruli-lab/stowmark/internal/infra/s3/object_repository.go:335.2,338.8 1 0
github.com/bruli-lab/stowmark/internal/infra/s3/object_repository.go:342.2,343.16 2 0
github.com/bruli-lab/stowmark/internal/infra/s3/object_repository.go:344.3,345.1 1 0
github.com/bruli-lab/stowmark/internal/infra/s3/object_repository.go:346.2,346.15 1 0
github.com/bruli-lab/stowmark/internal/infra/s3/object_repository.go:347.3,348.1 1 0
github.com/bruli-lab/stowmark/internal/infra/s3/object_repository.go:350.2,351.16 2 0
github.com/bruli-lab/stowmark/internal/infra/s3/object_repository.go:352.3,353.1 1 0
github.com/bruli-lab/stowmark/internal/infra/s3/object_repository.go:355.2,357.1 5 0
github.com/bruli-lab/stowmark/internal/infra/s3/object_repository.go:358.2,359.1 5 0
github.com/bruli-lab/stowmark/internal/infra/s3/object_repository.go:360.2,369.16 5 0
github.com/bruli-lab/stowmark/internal/infra/s3/object_repository.go:370.3,371.1 1 0
github.com/bruli-lab/stowmark/internal/infra/s3/object_repository.go:373.2,373.12 1 0
github.com/bruli-lab/stowmark/internal/infra/s3/object_repository.go:377.2,377.34 1 0
github.com/bruli-lab/stowmark/internal/infra/s3/object_repository.go:378.3,379.1 1 0
github.com/bruli-lab/stowmark/internal/infra/s3/object_repository.go:381.2,381.17 1 0
github.com/bruli-lab/stowmark/internal/infra/s3/object_repository.go:382.3,383.1 1 0
github.com/bruli-lab/stowmark/internal/infra/s3/object_repository.go:385.2,385.19 1 0
github.com/bruli-lab/stowmark/internal/infra/s3/object_repository.go:386.3,387.1 1 0
github.com/bruli-lab/stowmark/internal/infra/s3/object_repository.go:389.2,392.16 4 0
github.com/bruli-lab/stowmark/internal/infra/s3/object_repository.go:393.3,394.1 1 0
github.com/bruli-lab/stowmark/internal/infra/s3/object_repository.go:395.2,395.15 1 0
github.com/bruli-lab/stowmark/internal/infra/s3/object_repository.go:396.3,397.1 1 0
github.com/bruli-lab/stowmark/internal/infra/s3/object_repository.go:399.2,403.16 2 0
github.com/bruli-lab/stowmark/internal/infra/s3/object_repository.go:404.3,405.1 1 0
github.com/bruli-lab/stowmark/internal/infra/s3/object_repository.go:407.2,408.1 2 0
github.com/bruli-lab/stowmark/internal/infra/s3/object_repository.go:409.2,409.15 2 0
github.com/bruli-lab/stowmark/internal/infra/s3/object_repository.go:410.3,412.1 2 0
github.com/bruli-lab/stowmark/internal/infra/s3/object_repository.go:414.2,416.1 4 0
github.com/bruli-lab/stowmark/internal/infra/s3/object_repository.go:417.2,418.16 4 0
github.com/bruli-lab/stowmark/internal/infra/s3/object_repository.go:419.3,420.1 1 0
github.com/bruli-lab/stowmark/internal/infra/s3/object_repository.go:422.2,422.27 1 0
github.com/bruli-lab/stowmark/internal/infra/s3/object_repository.go:423.3,424.17 2 0
github.com/bruli-lab/stowmark/internal/infra/s3/object_repository.go:425.4,426.1 1 0
github.com/bruli-lab/stowmark/internal/infra/s3/object_repository.go:428.3,429.37 2 0
github.com/bruli-lab/stowmark/internal/infra/s3/object_repository.go:432.2,433.16 2 0
github.com/bruli-lab/stowmark/internal/infra/s3/object_repository.go:434.3,434.29 1 0
github.com/bruli-lab/stowmark/internal/infra/s3/object_repository.go:435.4,436.1 1 0
github.com/bruli-lab/stowmark/internal/infra/s3/object_repository.go:437.3,437.85 1 0
github.com/bruli-lab/stowmark/internal/infra/s3/object_repository.go:440.2,447.20 2 0
github.com/bruli-lab/stowmark/internal/infra/s3/object_repository.go:448.3,448.29 1 0
github.com/bruli-lab/stowmark/internal/infra/s3/object_repository.go:449.4,450.1 1 0
github.com/bruli-lab/stowmark/internal/infra/s3/object_repository.go:451.3,451.63 1 0
github.com/bruli-lab/stowmark/internal/infra/s3/object_repository.go:454.2,454.27 1 0
github.com/bruli-lab/stowmark/internal/infra/s3/object_repository.go:455.3,455.42 1 0
github.com/bruli-lab/stowmark/internal/infra/s3/object_repository.go:456.4,457.1 1 0
github.com/bruli-lab/stowmark/internal/infra/s3/object_repository.go:459.2,459.28 1 0
github.com/bruli-lab/stowmark/internal/infra/s3/object_repository.go:460.3,461.1 1 0
github.com/bruli-lab/stowmark/internal/infra/s3/object_repository.go:463.2,464.16 2 0
github.com/bruli-lab/stowmark/internal/infra/s3/object_repository.go:465.3,470.1 1 0
github.com/bruli-lab/stowmark/internal/infra/s3/object_repository.go:472.2,472.59 1 0
github.com/bruli-lab/stowmark/internal/infra/s3/object_repository.go:473.3,474.1 1 0
github.com/bruli-lab/stowmark/internal/infra/s3/object_repository.go:476.2,483.16 2 0
github.com/bruli-lab/stowmark/internal/infra/s3/object_repository.go:484.3,484.37 1 0
github.com/bruli-lab/stowmark/internal/infra/s3/object_repository.go:485.4,486.1 1 0
github.com/bruli-lab/stowmark/internal/infra/s3/object_repository.go:488.3,488.76 1 0
github.com/bruli-lab/stowmark/internal/infra/s3/object_repository.go:491.2,491.12 1 0
github.com/bruli-lab/stowmark/internal/infra/s3/object_repository.go:495.2,495.34 1 0
github.com/bruli-lab/stowmark/internal/infra/s3/object_repository.go:496.3,497.1 1 0
github.com/bruli-lab/stowmark/internal/infra/s3/object_repository.go:499.2,499.19 1 0
github.com/bruli-lab/stowmark/internal/infra/s3/object_repository.go:500.3,501.1 1 0
github.com/bruli-lab/stowmark/internal/infra/s3/object_repository.go:503.2,509.16 4 0
github.com/bruli-lab/stowmark/internal/infra/s3/object_repository.go:510.3,511.1 1 0
github.com/bruli-lab/stowmark/internal/infra/s3/object_repository.go:513.2,513.26 1 0
github.com/bruli-lab/stowmark/internal/infra/s3/object_repository.go:514.3,515.1 1 0
github.com/bruli-lab/stowmark/internal/infra/s3/object_repository.go:517.2,517.82 1 0
github.com/bruli-lab/stowmark/internal/infra/s3/object_repository.go:521.2,521.34 1 0
github.com/bruli-lab/stowmark/internal/infra/s3/object_repository.go:522.3,523.1 1 0
github.com/bruli-lab/stowmark/internal/infra/s3/object_repository.go:525.2,525.17 1 0
github.com/bruli-lab/stowmark/internal/infra/s3/object_repository.go:526.3,527.1 1 0
github.com/bruli-lab/stowmark/internal/infra/s3/object_repository.go:529.2,529.16 1 0
github.com/bruli-lab/stowmark/internal/infra/s3/object_repository.go:530.3,531.1 1 0
github.com/bruli-lab/stowmark/internal/infra/s3/object_repository.go:533.2,534.16 2 0
github.com/bruli-lab/stowmark/internal/infra/s3/object_repository.go:535.3,536.1 1 0
github.com/bruli-lab/stowmark/internal/infra/s3/object_repository.go:538.2,539.1 2 0
github.com/bruli-lab/stowmark/internal/infra/s3/object_repository.go:540.2,540.74 2 0
github.com/bruli-lab/stowmark/internal/infra/s3/object_repository.go:541.3,542.1 1 0
github.com/bruli-lab/stowmark/internal/infra/s3/object_repository.go:544.2,545.16 2 0
github.com/bruli-lab/stowmark/internal/infra/s3/object_repository.go:546.3,547.1 1 0
github.com/bruli-lab/stowmark/internal/infra/s3/object_repository.go:549.2,551.1 3 0
github.com/bruli-lab/stowmark/internal/infra/s3/object_repository.go:552.2,552.15 3 0
github.com/bruli-lab/stowmark/internal/infra/s3/object_repository.go:553.3,553.25 1 0
github.com/bruli-lab/stowmark/internal/infra/s3/object_repository.go:554.4,555.1 1 0
github.com/bruli-lab/stowmark/internal/infra/s3/object_repository.go:557.3,557.24 1 0
github.com/bruli-lab/stowmark/internal/infra/s3/object_repository.go:558.4,559.1 1 0
github.com/bruli-lab/stowmark/internal/infra/s3/object_repository.go:562.2,563.1 2 0
github.com/bruli-lab/stowmark/internal/infra/s3/object_repository.go:564.2,564.34 2 0
github.com/bruli-lab/stowmark/internal/infra/s3/object_repository.go:565.3,565.35 1 0
github.com/bruli-lab/stowmark/internal/infra/s3/object_repository.go:566.4,567.1 1 0
github.com/bruli-lab/stowmark/internal/infra/s3/object_repository.go:569.3,570.17 2 0
github.com/bruli-lab/stowmark/internal/infra/s3/object_repository.go:571.4,578.1 1 0
github.com/bruli-lab/stowmark/internal/infra/s3/object_repository.go:580.3,580.26 1 0
github.com/bruli-lab/stowmark/internal/infra/s3/object_repository.go:583.2,583.32 1 0
github.com/bruli-lab/stowmark/internal/infra/s3/object_repository.go:584.3,590.1 1 0
github.com/bruli-lab/stowmark/internal/infra/s3/object_repository.go:592.2,592.44 1 0
github.com/bruli-lab/stowmark/internal/infra/s3/object_repository.go:593.3,595.1 2 0
github.com/bruli-lab/stowmark/internal/infra/s3/object_repository.go:597.2,599.1 3 0
github.com/bruli-lab/stowmark/internal/infra/s3/object_repository.go:600.2,600.12 3 0
github.com/bruli-lab/stowmark/internal/infra/s3/object_repository.go:604.2,604.34 1 0
github.com/bruli-lab/stowmark/internal/infra/s3/object_repository.go:605.3,606.1 1 0
github.com/bruli-lab/stowmark/internal/infra/s3/object_repository.go:608.2,608.19 1 0
github.com/bruli-lab/stowmark/internal/infra/s3/object_repository.go:609.3,610.1 1 0
github.com/bruli-lab/stowmark/internal/infra/s3/object_repository.go:612.2,614.1 4 0
github.com/bruli-lab/stowmark/internal/infra/s3/object_repository.go:615.2,619.16 4 0
github.com/bruli-lab/stowmark/internal/infra/s3/object_repository.go:620.3,620.27 1 0
github.com/bruli-lab/stowmark/internal/infra/s3/object_repository.go:621.4,622.1 1 0
github.com/bruli-lab/stowmark/internal/infra/s3/object_repository.go:624.3,624.79 1 0
github.com/bruli-lab/stowmark/internal/infra/s3/object_repository.go:626.2,626.15 1 0
github.com/bruli-lab/stowmark/internal/infra/s3/object_repository.go:627.3,628.1 1 0
github.com/bruli-lab/stowmark/internal/infra/s3/object_repository.go:630.2,631.1 2 0
github.com/bruli-lab/stowmark/internal/infra/s3/object_repository.go:632.2,632.27 2 0
github.com/bruli-lab/stowmark/internal/infra/s3/object_repository.go:633.3,634.17 2 0
github.com/bruli-lab/stowmark/internal/infra/s3/object_repository.go:635.4,636.1 1 0
github.com/bruli-lab/stowmark/internal/infra/s3/object_repository.go:639.2,640.16 2 0
github.com/bruli-lab/stowmark/internal/infra/s3/object_repository.go:641.3,642.1 1 0
github.com/bruli-lab/stowmark/internal/infra/s3/object_repository.go:644.2,645.16 2 0
github.com/bruli-lab/stowmark/internal/infra/s3/object_repository.go:646.3,647.1 1 0
github.com/bruli-lab/stowmark/internal/infra/s3/object_repository.go:649.2,649.27 1 0
github.com/bruli-lab/stowmark/internal/infra/s3/object_repository.go:650.3,651.1 1 0
github.com/bruli-lab/stowmark/internal/infra/s3/object_repository.go:653.2,657.16 2 0
github.com/bruli-lab/stowmark/internal/infra/s3/object_repository.go:658.3,659.1 1 0
github.com/bruli-lab/stowmark/internal/infra/s3/object_repository.go:661.2,661.21 1 0
github.com/bruli-lab/stowmark/internal/infra/s3/object_repository.go:665.2,673.1 2 0
github.com/bruli-lab/stowmark/internal/infra/s3/object_repository.go:677.2,678.30 2 0
github.com/bruli-lab/stowmark/internal/infra/s3/object_repository.go:679.3,680.1 1 0
github.com/bruli-lab/stowmark/internal/infra/s3/object_repository.go:682.2,682.51 1 0
github.com/bruli-lab/stowmark/internal/infra/s3/object_repository.go:686.2,686.55 1 0
github.com/bruli-lab/stowmark/internal/infra/s3/object_repository.go:687.3,688.1 1 0
github.com/bruli-lab/stowmark/internal/infra/s3/object_repository.go:690.2,690.76 1 0
github.com/bruli-lab/stowmark/internal/infra/s3/object_repository.go:691.3,692.1 1 0
github.com/bruli-lab/stowmark/internal/infra/s3/object_repository.go:694.2,694.14 1 0
github.com/bruli-lab/stowmark/internal/infra/s3/storage.go:15.2,16.16 2 0
github.com/bruli-lab/stowmark/internal/infra/s3/storage.go:17.3,18.1 1 0
github.com/bruli-lab/stowmark/internal/infra/s3/storage.go:20.2,20.22 1 0
github.com/bruli-lab/stowmark/internal/infra/s3/storage.go:21.3,22.1 1 0
github.com/bruli-lab/stowmark/internal/infra/s3/storage.go:24.2,24.18 1 0
github.com/bruli-lab/stowmark/internal/infra/s3/storage.go:25.3,26.1 1 0
github.com/bruli-lab/stowmark/internal/infra/s3/storage.go:28.2,30.1 3 0
github.com/bruli-lab/stowmark/internal/infra/s3/storage.go:31.2,34.8 3 0
github.com/bruli-lab/stowmark/internal/infra/repositories/gcs_repositories.go:20.2,21.1 1 0
github.com/bruli-lab/stowmark/internal/infra/repositories/gcs_repositories.go:24.2,25.1 1 0
github.com/bruli-lab/stowmark/internal/infra/repositories/gcs_repositories.go:28.2,29.1 1 0
github.com/bruli-lab/stowmark/internal/infra/repositories/gcs_repositories.go:32.2,33.1 1 0
github.com/bruli-lab/stowmark/internal/infra/repositories/gcs_repositories.go:36.2,37.1 1 0
github.com/bruli-lab/stowmark/internal/infra/repositories/gcs_repositories.go:40.2,42.16 3 0
github.com/bruli-lab/stowmark/internal/infra/repositories/gcs_repositories.go:43.3,44.1 1 0
github.com/bruli-lab/stowmark/internal/infra/repositories/gcs_repositories.go:45.2,46.16 2 0
github.com/bruli-lab/stowmark/internal/infra/repositories/gcs_repositories.go:47.3,48.1 1 0
github.com/bruli-lab/stowmark/internal/infra/repositories/gcs_repositories.go:49.2,49.87 1 0
github.com/bruli-lab/stowmark/internal/infra/repositories/handler.go:19.2,20.16 2 0
github.com/bruli-lab/stowmark/internal/infra/repositories/handler.go:21.3,22.1 1 0
github.com/bruli-lab/stowmark/internal/infra/repositories/handler.go:23.2,23.18 1 0
github.com/bruli-lab/stowmark/internal/infra/repositories/handler.go:25.3,25.42 1 0
github.com/bruli-lab/stowmark/internal/infra/repositories/handler.go:27.3,27.35 1 0
github.com/bruli-lab/stowmark/internal/infra/repositories/handler.go:29.3,29.40 1 0
github.com/bruli-lab/stowmark/internal/infra/repositories/handler.go:31.3,31.39 1 0
github.com/bruli-lab/stowmark/internal/infra/repositories/handler.go:33.3,33.38 1 0
github.com/bruli-lab/stowmark/internal/infra/repositories/handler.go:35.3,35.40 1 0
github.com/bruli-lab/stowmark/internal/infra/repositories/handler.go:37.2,37.17 1 0
github.com/bruli-lab/stowmark/internal/infra/repositories/local_repositories.go:14.2,15.1 1 0
github.com/bruli-lab/stowmark/internal/infra/repositories/local_repositories.go:18.2,19.1 1 0
github.com/bruli-lab/stowmark/internal/infra/repositories/local_repositories.go:22.2,23.1 1 0
github.com/bruli-lab/stowmark/internal/infra/repositories/local_repositories.go:26.2,27.1 1 0
github.com/bruli-lab/stowmark/internal/infra/repositories/local_repositories.go:30.2,31.1 1 0
github.com/bruli-lab/stowmark/internal/infra/repositories/local_repositories.go:34.2,35.1 1 0
github.com/bruli-lab/stowmark/internal/infra/repositories/s3_repositories.go:19.2,20.1 1 0
github.com/bruli-lab/stowmark/internal/infra/repositories/s3_repositories.go:23.2,24.1 1 0
github.com/bruli-lab/stowmark/internal/infra/repositories/s3_repositories.go:27.2,28.1 1 0
github.com/bruli-lab/stowmark/internal/infra/repositories/s3_repositories.go:31.2,32.1 1 0
github.com/bruli-lab/stowmark/internal/infra/repositories/s3_repositories.go:35.2,36.1 1 0
github.com/bruli-lab/stowmark/internal/infra/repositories/s3_repositories.go:39.2,40.16 2 0
github.com/bruli-lab/stowmark/internal/infra/repositories/s3_repositories.go:41.3,42.1 1 0
github.com/bruli-lab/stowmark/internal/infra/repositories/s3_repositories.go:43.2,44.16 2 0
github.com/bruli-lab/stowmark/internal/infra/repositories/s3_repositories.go:45.3,46.1 1 0
github.com/bruli-lab/stowmark/internal/infra/repositories/s3_repositories.go:47.2,48.16 2 0
github.com/bruli-lab/stowmark/internal/infra/repositories/s3_repositories.go:49.3,50.1 1 0
github.com/bruli-lab/stowmark/internal/infra/repositories/s3_repositories.go:51.2,51.101 1 0
github.com/bruli-lab/stowmark/internal/infra/repositories/smb_repositories.go:20.2,21.1 1 0
github.com/bruli-lab/stowmark/internal/infra/repositories/smb_repositories.go:24.2,25.1 1 0
github.com/bruli-lab/stowmark/internal/infra/repositories/smb_repositories.go:28.2,29.1 1 0
github.com/bruli-lab/stowmark/internal/infra/repositories/smb_repositories.go:32.2,33.1 1 0
github.com/bruli-lab/stowmark/internal/infra/repositories/smb_repositories.go:36.2,37.1 1 0
github.com/bruli-lab/stowmark/internal/infra/repositories/smb_repositories.go:40.2,41.16 2 0
github.com/bruli-lab/stowmark/internal/infra/repositories/smb_repositories.go:42.3,43.1 1 0
github.com/bruli-lab/stowmark/internal/infra/repositories/smb_repositories.go:44.2,45.16 2 0
github.com/bruli-lab/stowmark/internal/infra/repositories/smb_repositories.go:46.3,47.1 1 0
github.com/bruli-lab/stowmark/internal/infra/repositories/smb_repositories.go:48.2,49.16 2 0
github.com/bruli-lab/stowmark/internal/infra/repositories/smb_repositories.go:50.3,51.1 1 0
github.com/bruli-lab/stowmark/internal/infra/repositories/smb_repositories.go:52.2,52.95 1 0
github.com/bruli-lab/stowmark/internal/infra/repositories/ssh_repositories.go:27.2,28.1 1 0
github.com/bruli-lab/stowmark/internal/infra/repositories/ssh_repositories.go:31.2,32.1 1 0
github.com/bruli-lab/stowmark/internal/infra/repositories/ssh_repositories.go:35.2,36.1 1 0
github.com/bruli-lab/stowmark/internal/infra/repositories/ssh_repositories.go:39.2,40.1 1 0
github.com/bruli-lab/stowmark/internal/infra/repositories/ssh_repositories.go:43.2,44.1 1 0
github.com/bruli-lab/stowmark/internal/infra/repositories/ssh_repositories.go:47.2,48.16 2 0
github.com/bruli-lab/stowmark/internal/infra/repositories/ssh_repositories.go:49.3,50.1 1 0
github.com/bruli-lab/stowmark/internal/infra/repositories/ssh_repositories.go:52.2,53.16 2 0
github.com/bruli-lab/stowmark/internal/infra/repositories/ssh_repositories.go:54.3,55.1 1 0
github.com/bruli-lab/stowmark/internal/infra/repositories/ssh_repositories.go:57.2,57.46 1 0
github.com/bruli-lab/stowmark/internal/infra/repositories/ssh_repositories.go:58.3,59.1 1 0
github.com/bruli-lab/stowmark/internal/infra/repositories/ssh_repositories.go:61.2,62.16 2 0
github.com/bruli-lab/stowmark/internal/infra/repositories/ssh_repositories.go:63.3,64.1 1 0
github.com/bruli-lab/stowmark/internal/infra/repositories/ssh_repositories.go:66.2,67.16 2 0
github.com/bruli-lab/stowmark/internal/infra/repositories/ssh_repositories.go:68.3,69.1 1 0
github.com/bruli-lab/stowmark/internal/infra/repositories/ssh_repositories.go:71.2,72.16 2 0
github.com/bruli-lab/stowmark/internal/infra/repositories/ssh_repositories.go:73.3,74.1 1 0
github.com/bruli-lab/stowmark/internal/infra/repositories/ssh_repositories.go:76.2,81.16 2 0
github.com/bruli-lab/stowmark/internal/infra/repositories/ssh_repositories.go:82.3,83.1 1 0
github.com/bruli-lab/stowmark/internal/infra/repositories/ssh_repositories.go:85.2,89.16 2 0
github.com/bruli-lab/stowmark/internal/infra/repositories/ssh_repositories.go:90.3,91.1 1 0
github.com/bruli-lab/stowmark/internal/infra/repositories/ssh_repositories.go:93.2,96.8 1 0
github.com/bruli-lab/stowmark/internal/infra/repositories/ssh_repositories.go:100.2,101.16 2 0
github.com/bruli-lab/stowmark/internal/infra/repositories/ssh_repositories.go:102.3,103.1 1 0
github.com/bruli-lab/stowmark/internal/infra/repositories/ssh_repositories.go:105.2,106.16 2 0
github.com/bruli-lab/stowmark/internal/infra/repositories/ssh_repositories.go:107.3,108.1 1 0
github.com/bruli-lab/stowmark/internal/infra/repositories/ssh_repositories.go:110.2,111.16 2 0
github.com/bruli-lab/stowmark/internal/infra/repositories/ssh_repositories.go:112.3,117.1 1 0
github.com/bruli-lab/stowmark/internal/infra/repositories/ssh_repositories.go:119.2,126.8 1 0
github.com/bruli-lab/stowmark/internal/infra/repositories/webdav_repositories.go:17.2,18.1 1 0
github.com/bruli-lab/stowmark/internal/infra/repositories/webdav_repositories.go:21.2,22.1 1 0
github.com/bruli-lab/stowmark/internal/infra/repositories/webdav_repositories.go:25.2,26.1 1 0
github.com/bruli-lab/stowmark/internal/infra/repositories/webdav_repositories.go:29.2,30.1 1 0
github.com/bruli-lab/stowmark/internal/infra/repositories/webdav_repositories.go:33.2,34.1 1 0
github.com/bruli-lab/stowmark/internal/infra/repositories/webdav_repositories.go:37.2,38.16 2 0
github.com/bruli-lab/stowmark/internal/infra/repositories/webdav_repositories.go:39.3,40.1 1 0
github.com/bruli-lab/stowmark/internal/infra/repositories/webdav_repositories.go:41.2,42.16 2 0
github.com/bruli-lab/stowmark/internal/infra/repositories/webdav_repositories.go:43.3,44.1 1 0
github.com/bruli-lab/stowmark/internal/infra/repositories/webdav_repositories.go:45.2,46.16 2 0
github.com/bruli-lab/stowmark/internal/infra/repositories/webdav_repositories.go:47.3,48.1 1 0
github.com/bruli-lab/stowmark/internal/infra/repositories/webdav_repositories.go:49.2,49.80 1 0
github.com/bruli-lab/stowmark/internal/infra/smb/connection.go:24.2,25.16 2 0
github.com/bruli-lab/stowmark/internal/infra/smb/connection.go:26.3,27.1 1 0
github.com/bruli-lab/stowmark/internal/infra/smb/connection.go:29.2,34.1 3 0
github.com/bruli-lab/stowmark/internal/infra/smb/connection.go:36.2,37.16 3 0
github.com/bruli-lab/stowmark/internal/infra/smb/connection.go:38.3,40.1 2 0
github.com/bruli-lab/stowmark/internal/infra/smb/connection.go:42.2,43.16 2 0
github.com/bruli-lab/stowmark/internal/infra/smb/connection.go:44.3,47.1 3 0
github.com/bruli-lab/stowmark/internal/infra/smb/connection.go:49.2,53.8 1 0
github.com/bruli-lab/stowmark/internal/infra/smb/connection.go:57.2,57.20 1 0
github.com/bruli-lab/stowmark/internal/infra/smb/connection.go:58.3,59.1 1 0
github.com/bruli-lab/stowmark/internal/infra/smb/connection.go:60.2,60.22 1 0
github.com/bruli-lab/stowmark/internal/infra/smb/connection.go:61.3,62.1 1 0
github.com/bruli-lab/stowmark/internal/infra/smb/connection.go:63.2,63.19 1 0
github.com/bruli-lab/stowmark/internal/infra/smb/connection.go:64.3,65.1 1 0
github.com/bruli-lab/stowmark/internal/infra/smb/connection.go:66.2,66.12 1 0
github.com/bruli-lab/stowmark/internal/infra/smb/folder_repository_repository.go:22.2,22.34 1 0
github.com/bruli-lab/stowmark/internal/infra/smb/folder_repository_repository.go:23.3,24.1 1 0
github.com/bruli-lab/stowmark/internal/infra/smb/folder_repository_repository.go:26.2,27.24 2 0
github.com/bruli-lab/stowmark/internal/infra/smb/folder_repository_repository.go:28.3,29.1 1 0
github.com/bruli-lab/stowmark/internal/infra/smb/folder_repository_repository.go:30.2,30.16 1 0
github.com/bruli-lab/stowmark/internal/infra/smb/folder_repository_repository.go:31.3,32.1 1 0
github.com/bruli-lab/stowmark/internal/infra/smb/folder_repository_repository.go:34.2,34.26 1 0
github.com/bruli-lab/stowmark/internal/infra/smb/folder_repository_repository.go:38.2,38.34 1 0
github.com/bruli-lab/stowmark/internal/infra/smb/folder_repository_repository.go:39.3,40.1 1 0
github.com/bruli-lab/stowmark/internal/infra/smb/folder_repository_repository.go:42.2,42.77 1 0
github.com/bruli-lab/stowmark/internal/infra/smb/folder_repository_repository.go:43.3,44.1 1 0
github.com/bruli-lab/stowmark/internal/infra/smb/folder_repository_repository.go:46.2,46.12 1 0
github.com/bruli-lab/stowmark/internal/infra/smb/folder_repository_repository.go:50.2,51.16 2 0
github.com/bruli-lab/stowmark/internal/infra/smb/folder_repository_repository.go:52.3,53.1 1 0
github.com/bruli-lab/stowmark/internal/infra/smb/folder_repository_repository.go:55.2,57.1 4 0
github.com/bruli-lab/stowmark/internal/infra/smb/folder_repository_repository.go:58.2,63.16 4 0
github.com/bruli-lab/stowmark/internal/infra/smb/folder_repository_repository.go:64.3,65.1 1 0
github.com/bruli-lab/stowmark/internal/infra/smb/folder_repository_repository.go:67.2,67.49 1 0
github.com/bruli-lab/stowmark/internal/infra/smb/folder_repository_repository.go:68.3,69.1 2 0
github.com/bruli-lab/stowmark/internal/infra/smb/folder_repository_repository.go:70.3,71.1 2 0
github.com/bruli-lab/stowmark/internal/infra/smb/folder_repository_repository.go:73.2,73.56 1 0
github.com/bruli-lab/stowmark/internal/infra/smb/folder_repository_repository.go:74.3,75.1 2 0
github.com/bruli-lab/stowmark/internal/infra/smb/folder_repository_repository.go:76.3,77.1 2 0
github.com/bruli-lab/stowmark/internal/infra/smb/folder_repository_repository.go:79.2,79.37 1 0
github.com/bruli-lab/stowmark/internal/infra/smb/folder_repository_repository.go:80.3,81.1 1 0
github.com/bruli-lab/stowmark/internal/infra/smb/folder_repository_repository.go:83.2,83.12 1 0
github.com/bruli-lab/stowmark/internal/infra/smb/folder_repository_repository.go:87.2,87.34 1 0
github.com/bruli-lab/stowmark/internal/infra/smb/folder_repository_repository.go:88.3,89.1 1 0
github.com/bruli-lab/stowmark/internal/infra/smb/folder_repository_repository.go:91.2,92.1 3 0
github.com/bruli-lab/stowmark/internal/infra/smb/folder_repository_repository.go:93.2,94.16 3 0
github.com/bruli-lab/stowmark/internal/infra/smb/folder_repository_repository.go:95.3,95.10 1 0
github.com/bruli-lab/stowmark/internal/infra/smb/folder_repository_repository.go:97.4,97.68 1 0
github.com/bruli-lab/stowmark/internal/infra/smb/folder_repository_repository.go:99.4,99.69 1 0
github.com/bruli-lab/stowmark/internal/infra/smb/folder_repository_repository.go:103.2,104.52 2 0
github.com/bruli-lab/stowmark/internal/infra/smb/folder_repository_repository.go:105.3,106.1 1 0
github.com/bruli-lab/stowmark/internal/infra/smb/folder_repository_repository.go:108.2,108.38 1 0
github.com/bruli-lab/stowmark/internal/infra/smb/folder_repository_repository.go:112.2,113.1 1 0
github.com/bruli-lab/stowmark/internal/infra/smb/manifest_repository.go:24.2,24.34 1 0
github.com/bruli-lab/stowmark/internal/infra/smb/manifest_repository.go:25.3,26.1 1 0
github.com/bruli-lab/stowmark/internal/infra/smb/manifest_repository.go:28.2,29.1 3 0
github.com/bruli-lab/stowmark/internal/infra/smb/manifest_repository.go:30.2,31.16 3 0
github.com/bruli-lab/stowmark/internal/infra/smb/manifest_repository.go:32.3,33.1 1 0
github.com/bruli-lab/stowmark/internal/infra/smb/manifest_repository.go:35.2,36.1 4 0
github.com/bruli-lab/stowmark/internal/infra/smb/manifest_repository.go:37.2,42.1 4 0
github.com/bruli-lab/stowmark/internal/infra/smb/manifest_repository.go:43.2,48.16 4 0
github.com/bruli-lab/stowmark/internal/infra/smb/manifest_repository.go:49.3,50.1 1 0
github.com/bruli-lab/stowmark/internal/infra/smb/manifest_repository.go:52.2,52.44 1 0
github.com/bruli-lab/stowmark/internal/infra/smb/manifest_repository.go:53.3,55.1 2 0
github.com/bruli-lab/stowmark/internal/infra/smb/manifest_repository.go:57.2,57.37 1 0
github.com/bruli-lab/stowmark/internal/infra/smb/manifest_repository.go:58.3,59.1 1 0
github.com/bruli-lab/stowmark/internal/infra/smb/manifest_repository.go:61.2,61.12 1 0
github.com/bruli-lab/stowmark/internal/infra/smb/manifest_repository.go:65.2,65.34 1 0
github.com/bruli-lab/stowmark/internal/infra/smb/manifest_repository.go:66.3,67.1 1 0
github.com/bruli-lab/stowmark/internal/infra/smb/manifest_repository.go:69.2,73.1 3 0
github.com/bruli-lab/stowmark/internal/infra/smb/manifest_repository.go:74.2,75.16 3 0
github.com/bruli-lab/stowmark/internal/infra/smb/manifest_repository.go:76.3,77.1 1 0
github.com/bruli-lab/stowmark/internal/infra/smb/manifest_repository.go:79.2,80.1 2 0
github.com/bruli-lab/stowmark/internal/infra/smb/manifest_repository.go:81.2,81.32 2 0
github.com/bruli-lab/stowmark/internal/infra/smb/manifest_repository.go:82.3,82.35 1 0
github.com/bruli-lab/stowmark/internal/infra/smb/manifest_repository.go:83.4,84.1 1 0
github.com/bruli-lab/stowmark/internal/infra/smb/manifest_repository.go:86.3,86.20 1 0
github.com/bruli-lab/stowmark/internal/infra/smb/manifest_repository.go:87.4,87.12 1 0
github.com/bruli-lab/stowmark/internal/infra/smb/manifest_repository.go:90.3,94.1 3 0
github.com/bruli-lab/stowmark/internal/infra/smb/manifest_repository.go:95.3,96.17 3 0
github.com/bruli-lab/stowmark/internal/infra/smb/manifest_repository.go:97.4,98.1 1 0
github.com/bruli-lab/stowmark/internal/infra/smb/manifest_repository.go:100.3,101.17 2 0
github.com/bruli-lab/stowmark/internal/infra/smb/manifest_repository.go:102.4,103.1 1 0
github.com/bruli-lab/stowmark/internal/infra/smb/manifest_repository.go:105.3,105.43 1 0
github.com/bruli-lab/stowmark/internal/infra/smb/manifest_repository.go:108.2,108.62 1 0
github.com/bruli-lab/stowmark/internal/infra/smb/manifest_repository.go:109.3,110.1 1 0
github.com/bruli-lab/stowmark/internal/infra/smb/manifest_repository.go:112.2,112.23 1 0
github.com/bruli-lab/stowmark/internal/infra/smb/manifest_repository.go:116.2,116.34 1 0
github.com/bruli-lab/stowmark/internal/infra/smb/manifest_repository.go:117.3,118.1 1 0
github.com/bruli-lab/stowmark/internal/infra/smb/manifest_repository.go:120.2,125.1 3 0
github.com/bruli-lab/stowmark/internal/infra/smb/manifest_repository.go:126.2,127.16 3 0
github.com/bruli-lab/stowmark/internal/infra/smb/manifest_repository.go:128.3,128.10 1 0
github.com/bruli-lab/stowmark/internal/infra/smb/manifest_repository.go:130.4,130.65 1 0
github.com/bruli-lab/stowmark/internal/infra/smb/manifest_repository.go:132.4,136.5 1 0
github.com/bruli-lab/stowmark/internal/infra/smb/manifest_repository.go:140.2,140.50 1 0
github.com/bruli-lab/stowmark/internal/infra/smb/manifest_repository.go:144.2,145.1 1 0
github.com/bruli-lab/stowmark/internal/infra/smb/object_repository.go:34.2,34.34 1 0
github.com/bruli-lab/stowmark/internal/infra/smb/object_repository.go:35.3,36.1 1 0
github.com/bruli-lab/stowmark/internal/infra/smb/object_repository.go:38.2,43.1 3 0
github.com/bruli-lab/stowmark/internal/infra/smb/object_repository.go:44.2,45.16 3 0
github.com/bruli-lab/stowmark/internal/infra/smb/object_repository.go:46.3,46.25 1 0
github.com/bruli-lab/stowmark/internal/infra/smb/object_repository.go:47.4,48.1 1 0
github.com/bruli-lab/stowmark/internal/infra/smb/object_repository.go:50.3,50.109 1 0
github.com/bruli-lab/stowmark/internal/infra/smb/object_repository.go:53.2,54.1 2 0
github.com/bruli-lab/stowmark/internal/infra/smb/object_repository.go:55.2,55.52 2 0
github.com/bruli-lab/stowmark/internal/infra/smb/object_repository.go:56.3,56.35 1 0
github.com/bruli-lab/stowmark/internal/infra/smb/object_repository.go:57.4,58.1 1 0
github.com/bruli-lab/stowmark/internal/infra/smb/object_repository.go:60.3,61.37 1 0
github.com/bruli-lab/stowmark/internal/infra/smb/object_repository.go:62.4,62.12 1 0
github.com/bruli-lab/stowmark/internal/infra/smb/object_repository.go:65.3,67.1 4 0
github.com/bruli-lab/stowmark/internal/infra/smb/object_repository.go:68.3,69.17 4 0
github.com/bruli-lab/stowmark/internal/infra/smb/object_repository.go:70.4,71.1 1 0
github.com/bruli-lab/stowmark/internal/infra/smb/object_repository.go:73.3,73.33 1 0
github.com/bruli-lab/stowmark/internal/infra/smb/object_repository.go:74.4,74.36 1 0
github.com/bruli-lab/stowmark/internal/infra/smb/object_repository.go:75.5,76.1 1 0
github.com/bruli-lab/stowmark/internal/infra/smb/object_repository.go:78.4,78.21 1 0
github.com/bruli-lab/stowmark/internal/infra/smb/object_repository.go:79.5,79.13 1 0
github.com/bruli-lab/stowmark/internal/infra/smb/object_repository.go:82.4,82.26 1 0
github.com/bruli-lab/stowmark/internal/infra/smb/object_repository.go:83.5,83.13 1 0
github.com/bruli-lab/stowmark/internal/infra/smb/object_repository.go:86.4,89.5 1 0
github.com/bruli-lab/stowmark/internal/infra/smb/object_repository.go:93.2,94.1 2 0
github.com/bruli-lab/stowmark/internal/infra/smb/object_repository.go:95.2,95.20 2 0
github.com/bruli-lab/stowmark/internal/infra/smb/object_repository.go:99.2,99.34 1 0
github.com/bruli-lab/stowmark/internal/infra/smb/object_repository.go:100.3,101.1 1 0
github.com/bruli-lab/stowmark/internal/infra/smb/object_repository.go:103.2,103.19 1 0
github.com/bruli-lab/stowmark/internal/infra/smb/object_repository.go:104.3,105.1 1 0
github.com/bruli-lab/stowmark/internal/infra/smb/object_repository.go:107.2,107.19 1 0
github.com/bruli-lab/stowmark/internal/infra/smb/object_repository.go:108.3,109.1 1 0
github.com/bruli-lab/stowmark/internal/infra/smb/object_repository.go:111.2,112.1 4 0
github.com/bruli-lab/stowmark/internal/infra/smb/object_repository.go:113.2,118.1 4 0
github.com/bruli-lab/stowmark/internal/infra/smb/object_repository.go:119.2,120.16 4 0
github.com/bruli-lab/stowmark/internal/infra/smb/object_repository.go:121.3,121.25 1 0
github.com/bruli-lab/stowmark/internal/infra/smb/object_repository.go:122.4,123.1 1 0
github.com/bruli-lab/stowmark/internal/infra/smb/object_repository.go:125.3,125.78 1 0
github.com/bruli-lab/stowmark/internal/infra/smb/object_repository.go:128.2,128.34 1 0
github.com/bruli-lab/stowmark/internal/infra/smb/object_repository.go:129.3,130.1 2 0
github.com/bruli-lab/stowmark/internal/infra/smb/object_repository.go:131.3,132.1 2 0
github.com/bruli-lab/stowmark/internal/infra/smb/object_repository.go:134.2,135.16 2 0
github.com/bruli-lab/stowmark/internal/infra/smb/object_repository.go:136.3,137.1 2 0
github.com/bruli-lab/stowmark/internal/infra/smb/object_repository.go:138.3,139.1 2 0
github.com/bruli-lab/stowmark/internal/infra/smb/object_repository.go:141.2,144.8 1 0
github.com/bruli-lab/stowmark/internal/infra/smb/object_repository.go:148.2,148.34 1 0
github.com/bruli-lab/stowmark/internal/infra/smb/object_repository.go:149.3,150.1 1 0
github.com/bruli-lab/stowmark/internal/infra/smb/object_repository.go:152.2,152.19 1 0
github.com/bruli-lab/stowmark/internal/infra/smb/object_repository.go:153.3,154.1 1 0
github.com/bruli-lab/stowmark/internal/infra/smb/object_repository.go:156.2,156.19 1 0
github.com/bruli-lab/stowmark/internal/infra/smb/object_repository.go:157.3,158.1 1 0
github.com/bruli-lab/stowmark/internal/infra/smb/object_repository.go:160.2,160.19 1 0
github.com/bruli-lab/stowmark/internal/infra/smb/object_repository.go:161.3,162.1 1 0
github.com/bruli-lab/stowmark/internal/infra/smb/object_repository.go:164.2,165.1 3 0
github.com/bruli-lab/stowmark/internal/infra/smb/object_repository.go:166.2,167.1 3 0
github.com/bruli-lab/stowmark/internal/infra/smb/object_repository.go:168.2,168.65 3 0
github.com/bruli-lab/stowmark/internal/infra/smb/object_repository.go:169.3,170.1 1 0
github.com/bruli-lab/stowmark/internal/infra/smb/object_repository.go:172.2,173.1 3 0
github.com/bruli-lab/stowmark/internal/infra/smb/object_repository.go:174.2,179.16 3 0
github.com/bruli-lab/stowmark/internal/infra/smb/object_repository.go:180.3,181.1 1 0
github.com/bruli-lab/stowmark/internal/infra/smb/object_repository.go:183.2,183.22 1 0
github.com/bruli-lab/stowmark/internal/infra/smb/object_repository.go:184.3,186.1 2 0
github.com/bruli-lab/stowmark/internal/infra/smb/object_repository.go:188.2,189.16 2 0
github.com/bruli-lab/stowmark/internal/infra/smb/object_repository.go:190.3,191.1 2 0
github.com/bruli-lab/stowmark/internal/infra/smb/object_repository.go:192.3,193.1 2 0
github.com/bruli-lab/stowmark/internal/infra/smb/object_repository.go:195.2,195.59 1 0
github.com/bruli-lab/stowmark/internal/infra/smb/object_repository.go:196.3,198.1 3 0
github.com/bruli-lab/stowmark/internal/infra/smb/object_repository.go:199.3,200.1 3 0
github.com/bruli-lab/stowmark/internal/infra/smb/object_repository.go:202.2,202.34 1 0
github.com/bruli-lab/stowmark/internal/infra/smb/object_repository.go:203.3,205.1 3 0
github.com/bruli-lab/stowmark/internal/infra/smb/object_repository.go:206.3,207.1 3 0
github.com/bruli-lab/stowmark/internal/infra/smb/object_repository.go:209.2,209.41 1 0
github.com/bruli-lab/stowmark/internal/infra/smb/object_repository.go:210.3,211.1 2 0
github.com/bruli-lab/stowmark/internal/infra/smb/object_repository.go:212.3,213.1 2 0
github.com/bruli-lab/stowmark/internal/infra/smb/object_repository.go:215.2,215.44 1 0
github.com/bruli-lab/stowmark/internal/infra/smb/object_repository.go:216.3,217.1 2 0
github.com/bruli-lab/stowmark/internal/infra/smb/object_repository.go:218.3,219.1 2 0
github.com/bruli-lab/stowmark/internal/infra/smb/object_repository.go:221.2,221.12 1 0
github.com/bruli-lab/stowmark/internal/infra/smb/object_repository.go:225.2,225.34 1 0
github.com/bruli-lab/stowmark/internal/infra/smb/object_repository.go:226.3,227.1 1 0
github.com/bruli-lab/stowmark/internal/infra/smb/object_repository.go:229.2,230.1 3 0
github.com/bruli-lab/stowmark/internal/infra/smb/object_repository.go:231.2,237.1 3 0
github.com/bruli-lab/stowmark/internal/infra/smb/object_repository.go:238.2,238.12 3 0
github.com/bruli-lab/stowmark/internal/infra/smb/object_repository.go:242.2,242.69 1 0
github.com/bruli-lab/stowmark/internal/infra/smb/object_repository.go:243.3,244.1 1 0
github.com/bruli-lab/stowmark/internal/infra/smb/object_repository.go:245.2,245.12 1 0
github.com/bruli-lab/stowmark/internal/infra/smb/object_repository.go:249.2,249.34 1 0
github.com/bruli-lab/stowmark/internal/infra/smb/object_repository.go:250.3,251.1 1 0
github.com/bruli-lab/stowmark/internal/infra/smb/object_repository.go:253.2,253.19 1 0
github.com/bruli-lab/stowmark/internal/infra/smb/object_repository.go:254.3,255.1 1 0
github.com/bruli-lab/stowmark/internal/infra/smb/object_repository.go:257.2,260.16 4 0
github.com/bruli-lab/stowmark/internal/infra/smb/object_repository.go:261.3,262.23 1 0
github.com/bruli-lab/stowmark/internal/infra/smb/object_repository.go:263.4,264.1 1 0
github.com/bruli-lab/stowmark/internal/infra/smb/object_repository.go:266.3,266.68 1 0
github.com/bruli-lab/stowmark/internal/infra/smb/object_repository.go:269.2,269.28 1 0
github.com/bruli-lab/stowmark/internal/infra/smb/object_repository.go:270.3,271.1 1 0
github.com/bruli-lab/stowmark/internal/infra/smb/object_repository.go:272.2,273.16 2 0
github.com/bruli-lab/stowmark/internal/infra/smb/object_repository.go:274.3,276.1 2 0
github.com/bruli-lab/stowmark/internal/infra/smb/object_repository.go:278.2,281.8 1 0
github.com/bruli-lab/stowmark/internal/infra/smb/object_repository.go:285.2,285.34 1 0
github.com/bruli-lab/stowmark/internal/infra/smb/object_repository.go:286.3,287.1 1 0
github.com/bruli-lab/stowmark/internal/infra/smb/object_repository.go:288.2,289.16 2 0
github.com/bruli-lab/stowmark/internal/infra/smb/object_repository.go:290.3,291.1 1 0
github.com/bruli-lab/stowmark/internal/infra/smb/object_repository.go:292.2,292.15 1 0
github.com/bruli-lab/stowmark/internal/infra/smb/object_repository.go:293.3,294.1 1 0
github.com/bruli-lab/stowmark/internal/infra/smb/object_repository.go:296.2,297.16 2 0
github.com/bruli-lab/stowmark/internal/infra/smb/object_repository.go:298.3,299.1 1 0
github.com/bruli-lab/stowmark/internal/infra/smb/object_repository.go:301.2,302.1 4 0
github.com/bruli-lab/stowmark/internal/infra/smb/object_repository.go:303.2,305.1 4 0
github.com/bruli-lab/stowmark/internal/infra/smb/object_repository.go:306.2,309.16 4 0
github.com/bruli-lab/stowmark/internal/infra/smb/object_repository.go:310.3,311.1 1 0
github.com/bruli-lab/stowmark/internal/infra/smb/object_repository.go:313.2,318.16 2 0
github.com/bruli-lab/stowmark/internal/infra/smb/object_repository.go:319.3,320.1 1 0
github.com/bruli-lab/stowmark/internal/infra/smb/object_repository.go:322.2,329.1 3 0
github.com/bruli-lab/stowmark/internal/infra/smb/object_repository.go:330.2,331.1 3 0
github.com/bruli-lab/stowmark/internal/infra/smb/object_repository.go:332.2,332.21 3 0
github.com/bruli-lab/stowmark/internal/infra/smb/object_repository.go:333.3,334.1 1 0
github.com/bruli-lab/stowmark/internal/infra/smb/object_repository.go:336.2,336.21 1 0
github.com/bruli-lab/stowmark/internal/infra/smb/object_repository.go:337.3,338.1 1 0
github.com/bruli-lab/stowmark/internal/infra/smb/object_repository.go:340.2,340.12 1 0
github.com/bruli-lab/stowmark/internal/infra/smb/object_repository.go:344.2,344.34 1 0
github.com/bruli-lab/stowmark/internal/infra/smb/object_repository.go:345.3,346.1 1 0
github.com/bruli-lab/stowmark/internal/infra/smb/object_repository.go:348.2,348.19 1 0
github.com/bruli-lab/stowmark/internal/infra/smb/object_repository.go:349.3,350.1 1 0
github.com/bruli-lab/stowmark/internal/infra/smb/object_repository.go:352.2,355.1 4 0
github.com/bruli-lab/stowmark/internal/infra/smb/object_repository.go:356.2,356.65 4 0
github.com/bruli-lab/stowmark/internal/infra/smb/object_repository.go:357.3,358.1 1 0
github.com/bruli-lab/stowmark/internal/infra/smb/object_repository.go:360.2,361.16 2 0
github.com/bruli-lab/stowmark/internal/infra/smb/object_repository.go:362.3,363.1 1 0
github.com/bruli-lab/stowmark/internal/infra/smb/object_repository.go:364.2,364.15 1 0
github.com/bruli-lab/stowmark/internal/infra/smb/object_repository.go:365.3,366.1 1 0
github.com/bruli-lab/stowmark/internal/infra/smb/object_repository.go:368.2,373.16 2 0
github.com/bruli-lab/stowmark/internal/infra/smb/object_repository.go:374.3,374.34 1 0
github.com/bruli-lab/stowmark/internal/infra/smb/object_repository.go:375.4,376.1 1 0
github.com/bruli-lab/stowmark/internal/infra/smb/object_repository.go:378.3,378.66 1 0
github.com/bruli-lab/stowmark/internal/infra/smb/object_repository.go:381.2,383.1 3 0
github.com/bruli-lab/stowmark/internal/infra/smb/object_repository.go:384.2,384.15 3 0
github.com/bruli-lab/stowmark/internal/infra/smb/object_repository.go:385.3,385.25 1 0
github.com/bruli-lab/stowmark/internal/infra/smb/object_repository.go:386.4,387.1 1 0
github.com/bruli-lab/stowmark/internal/infra/smb/object_repository.go:389.3,389.22 1 0
github.com/bruli-lab/stowmark/internal/infra/smb/object_repository.go:390.4,391.1 1 0
github.com/bruli-lab/stowmark/internal/infra/smb/object_repository.go:394.2,395.16 2 0
github.com/bruli-lab/stowmark/internal/infra/smb/object_repository.go:396.3,397.1 1 0
github.com/bruli-lab/stowmark/internal/infra/smb/object_repository.go:399.2,401.1 3 0
github.com/bruli-lab/stowmark/internal/infra/smb/object_repository.go:402.2,402.27 3 0
github.com/bruli-lab/stowmark/internal/infra/smb/object_repository.go:403.3,404.17 2 0
github.com/bruli-lab/stowmark/internal/infra/smb/object_repository.go:405.4,406.1 1 0
github.com/bruli-lab/stowmark/internal/infra/smb/object_repository.go:408.3,409.37 2 0
github.com/bruli-lab/stowmark/internal/infra/smb/object_repository.go:412.2,413.16 2 0
github.com/bruli-lab/stowmark/internal/infra/smb/object_repository.go:414.3,414.29 1 0
github.com/bruli-lab/stowmark/internal/infra/smb/object_repository.go:415.4,416.1 1 0
github.com/bruli-lab/stowmark/internal/infra/smb/object_repository.go:417.3,417.78 1 0
github.com/bruli-lab/stowmark/internal/infra/smb/object_repository.go:420.2,426.16 1 0
github.com/bruli-lab/stowmark/internal/infra/smb/object_repository.go:427.3,427.29 1 0
github.com/bruli-lab/stowmark/internal/infra/smb/object_repository.go:428.4,429.1 1 0
github.com/bruli-lab/stowmark/internal/infra/smb/object_repository.go:430.3,430.65 1 0
github.com/bruli-lab/stowmark/internal/infra/smb/object_repository.go:433.2,433.26 1 0
github.com/bruli-lab/stowmark/internal/infra/smb/object_repository.go:434.3,434.41 1 0
github.com/bruli-lab/stowmark/internal/infra/smb/object_repository.go:435.4,436.1 1 0
github.com/bruli-lab/stowmark/internal/infra/smb/object_repository.go:438.2,438.28 1 0
github.com/bruli-lab/stowmark/internal/infra/smb/object_repository.go:439.3,440.1 1 0
github.com/bruli-lab/stowmark/internal/infra/smb/object_repository.go:442.2,442.44 1 0
github.com/bruli-lab/stowmark/internal/infra/smb/object_repository.go:443.3,444.1 2 0
github.com/bruli-lab/stowmark/internal/infra/smb/object_repository.go:445.3,446.1 2 0
github.com/bruli-lab/stowmark/internal/infra/smb/object_repository.go:448.2,450.1 3 0
github.com/bruli-lab/stowmark/internal/infra/smb/object_repository.go:451.2,451.12 3 0
github.com/bruli-lab/stowmark/internal/infra/smb/object_repository.go:455.2,455.34 1 0
github.com/bruli-lab/stowmark/internal/infra/smb/object_repository.go:456.3,457.1 1 0
github.com/bruli-lab/stowmark/internal/infra/smb/object_repository.go:459.2,459.19 1 0
github.com/bruli-lab/stowmark/internal/infra/smb/object_repository.go:460.3,461.1 1 0
github.com/bruli-lab/stowmark/internal/infra/smb/object_repository.go:463.2,466.9 4 0
github.com/bruli-lab/stowmark/internal/infra/smb/object_repository.go:468.3,468.19 1 0
github.com/bruli-lab/stowmark/internal/infra/smb/object_repository.go:470.3,470.20 1 0
github.com/bruli-lab/stowmark/internal/infra/smb/object_repository.go:472.3,472.82 1 0
github.com/bruli-lab/stowmark/internal/infra/smb/object_repository.go:477.2,477.34 1 0
github.com/bruli-lab/stowmark/internal/infra/smb/object_repository.go:478.3,479.1 1 0
github.com/bruli-lab/stowmark/internal/infra/smb/object_repository.go:481.2,481.17 1 0
github.com/bruli-lab/stowmark/internal/infra/smb/object_repository.go:482.3,483.1 1 0
github.com/bruli-lab/stowmark/internal/infra/smb/object_repository.go:485.2,485.16 1 0
github.com/bruli-lab/stowmark/internal/infra/smb/object_repository.go:486.3,487.1 1 0
github.com/bruli-lab/stowmark/internal/infra/smb/object_repository.go:489.2,490.16 2 0
github.com/bruli-lab/stowmark/internal/infra/smb/object_repository.go:491.3,492.1 1 0
github.com/bruli-lab/stowmark/internal/infra/smb/object_repository.go:494.2,495.1 2 0
github.com/bruli-lab/stowmark/internal/infra/smb/object_repository.go:496.2,499.16 2 0
github.com/bruli-lab/stowmark/internal/infra/smb/object_repository.go:500.3,501.1 1 0
github.com/bruli-lab/stowmark/internal/infra/smb/object_repository.go:503.2,508.16 2 0
github.com/bruli-lab/stowmark/internal/infra/smb/object_repository.go:509.3,510.1 1 0
github.com/bruli-lab/stowmark/internal/infra/smb/object_repository.go:512.2,514.1 3 0
github.com/bruli-lab/stowmark/internal/infra/smb/object_repository.go:515.2,515.15 3 0
github.com/bruli-lab/stowmark/internal/infra/smb/object_repository.go:516.3,516.25 1 0
github.com/bruli-lab/stowmark/internal/infra/smb/object_repository.go:517.4,518.1 1 0
github.com/bruli-lab/stowmark/internal/infra/smb/object_repository.go:520.3,520.24 1 0
github.com/bruli-lab/stowmark/internal/infra/smb/object_repository.go:521.4,522.1 1 0
github.com/bruli-lab/stowmark/internal/infra/smb/object_repository.go:525.2,526.1 2 0
github.com/bruli-lab/stowmark/internal/infra/smb/object_repository.go:527.2,527.34 2 0
github.com/bruli-lab/stowmark/internal/infra/smb/object_repository.go:528.3,528.35 1 0
github.com/bruli-lab/stowmark/internal/infra/smb/object_repository.go:529.4,530.1 1 0
github.com/bruli-lab/stowmark/internal/infra/smb/object_repository.go:532.3,533.17 2 0
github.com/bruli-lab/stowmark/internal/infra/smb/object_repository.go:534.4,535.1 1 0
github.com/bruli-lab/stowmark/internal/infra/smb/object_repository.go:537.3,537.26 1 0
github.com/bruli-lab/stowmark/internal/infra/smb/object_repository.go:540.2,540.32 1 0
github.com/bruli-lab/stowmark/internal/infra/smb/object_repository.go:541.3,542.1 1 0
github.com/bruli-lab/stowmark/internal/infra/smb/object_repository.go:544.2,544.44 1 0
github.com/bruli-lab/stowmark/internal/infra/smb/object_repository.go:545.3,546.1 2 0
github.com/bruli-lab/stowmark/internal/infra/smb/object_repository.go:547.3,548.1 2 0
github.com/bruli-lab/stowmark/internal/infra/smb/object_repository.go:550.2,552.1 3 0
github.com/bruli-lab/stowmark/internal/infra/smb/object_repository.go:553.2,553.12 3 0
github.com/bruli-lab/stowmark/internal/infra/smb/object_repository.go:557.2,557.34 1 0
github.com/bruli-lab/stowmark/internal/infra/smb/object_repository.go:558.3,559.1 1 0
github.com/bruli-lab/stowmark/internal/infra/smb/object_repository.go:561.2,561.19 1 0
github.com/bruli-lab/stowmark/internal/infra/smb/object_repository.go:562.3,563.1 1 0
github.com/bruli-lab/stowmark/internal/infra/smb/object_repository.go:565.2,567.1 4 0
github.com/bruli-lab/stowmark/internal/infra/smb/object_repository.go:568.2,569.16 4 0
github.com/bruli-lab/stowmark/internal/infra/smb/object_repository.go:570.3,570.37 1 0
github.com/bruli-lab/stowmark/internal/infra/smb/object_repository.go:571.4,572.1 1 0
github.com/bruli-lab/stowmark/internal/infra/smb/object_repository.go:574.3,574.66 1 0
github.com/bruli-lab/stowmark/internal/infra/smb/object_repository.go:576.2,576.15 1 0
github.com/bruli-lab/stowmark/internal/infra/smb/object_repository.go:577.3,578.1 1 0
github.com/bruli-lab/stowmark/internal/infra/smb/object_repository.go:580.2,581.1 2 0
github.com/bruli-lab/stowmark/internal/infra/smb/object_repository.go:582.2,582.27 2 0
github.com/bruli-lab/stowmark/internal/infra/smb/object_repository.go:583.3,584.17 2 0
github.com/bruli-lab/stowmark/internal/infra/smb/object_repository.go:585.4,586.1 1 0
github.com/bruli-lab/stowmark/internal/infra/smb/object_repository.go:589.2,590.16 2 0
github.com/bruli-lab/stowmark/internal/infra/smb/object_repository.go:591.3,592.1 1 0
github.com/bruli-lab/stowmark/internal/infra/smb/object_repository.go:594.2,595.16 2 0
github.com/bruli-lab/stowmark/internal/infra/smb/object_repository.go:596.3,597.1 1 0
github.com/bruli-lab/stowmark/internal/infra/smb/object_repository.go:599.2,599.27 1 0
github.com/bruli-lab/stowmark/internal/infra/smb/object_repository.go:600.3,601.1 1 0
github.com/bruli-lab/stowmark/internal/infra/smb/object_repository.go:603.2,610.16 2 0
github.com/bruli-lab/stowmark/internal/infra/smb/object_repository.go:611.3,612.1 1 0
github.com/bruli-lab/stowmark/internal/infra/smb/object_repository.go:614.2,614.21 1 0
github.com/bruli-lab/stowmark/internal/infra/smb/object_repository.go:618.2,626.1 3 0
github.com/bruli-lab/stowmark/internal/infra/smb/repository_url.go:20.2,21.16 2 0
github.com/bruli-lab/stowmark/internal/infra/smb/repository_url.go:22.3,23.1 1 0
github.com/bruli-lab/stowmark/internal/infra/smb/repository_url.go:25.2,25.28 1 0
github.com/bruli-lab/stowmark/internal/infra/smb/repository_url.go:26.3,27.1 1 0
github.com/bruli-lab/stowmark/internal/infra/smb/repository_url.go:29.2,29.29 1 0
github.com/bruli-lab/stowmark/internal/infra/smb/repository_url.go:30.3,31.1 1 0
github.com/bruli-lab/stowmark/internal/infra/smb/repository_url.go:33.2,37.45 2 0
github.com/bruli-lab/stowmark/internal/infra/smb/repository_url.go:38.3,39.1 1 0
github.com/bruli-lab/stowmark/internal/infra/smb/repository_url.go:41.2,42.16 2 0
github.com/bruli-lab/stowmark/internal/infra/smb/repository_url.go:43.3,44.1 1 0
github.com/bruli-lab/stowmark/internal/infra/smb/repository_url.go:46.2,47.23 2 0
github.com/bruli-lab/stowmark/internal/infra/smb/repository_url.go:48.3,49.1 2 0
github.com/bruli-lab/stowmark/internal/infra/smb/repository_url.go:50.3,50.40 2 0
github.com/bruli-lab/stowmark/internal/infra/smb/repository_url.go:51.4,52.18 2 0
github.com/bruli-lab/stowmark/internal/infra/smb/repository_url.go:53.5,54.1 1 0
github.com/bruli-lab/stowmark/internal/infra/smb/repository_url.go:56.4,56.54 1 0
github.com/bruli-lab/stowmark/internal/infra/smb/repository_url.go:59.3,59.48 1 0
github.com/bruli-lab/stowmark/internal/infra/smb/repository_url.go:62.2,63.16 2 0
github.com/bruli-lab/stowmark/internal/infra/smb/repository_url.go:64.3,65.1 1 0
github.com/bruli-lab/stowmark/internal/infra/smb/repository_url.go:67.2,68.24 2 0
github.com/bruli-lab/stowmark/internal/infra/smb/repository_url.go:69.3,70.1 1 0
github.com/bruli-lab/stowmark/internal/infra/smb/repository_url.go:72.2,77.8 1 0
github.com/bruli-lab/stowmark/internal/infra/ssh/client.go:16.2,17.1 1 0
github.com/bruli-lab/stowmark/internal/infra/ssh/client.go:20.2,22.1 3 0
github.com/bruli-lab/stowmark/internal/infra/ssh/client.go:23.2,23.20 3 0
github.com/bruli-lab/stowmark/internal/infra/ssh/client.go:24.3,25.1 1 0
github.com/bruli-lab/stowmark/internal/infra/ssh/client.go:27.2,27.19 1 0
github.com/bruli-lab/stowmark/internal/infra/ssh/client.go:28.3,29.1 1 0
github.com/bruli-lab/stowmark/internal/infra/ssh/client.go:31.2,31.12 1 0
github.com/bruli-lab/stowmark/internal/infra/ssh/client.go:35.2,36.16 2 0
github.com/bruli-lab/stowmark/internal/infra/ssh/client.go:37.3,42.1 1 0
github.com/bruli-lab/stowmark/internal/infra/ssh/client.go:44.2,45.16 2 0
github.com/bruli-lab/stowmark/internal/infra/ssh/client.go:46.3,47.1 2 0
github.com/bruli-lab/stowmark/internal/infra/ssh/client.go:48.3,49.1 2 0
github.com/bruli-lab/stowmark/internal/infra/ssh/client.go:51.2,54.8 1 0
github.com/bruli-lab/stowmark/internal/infra/ssh/folder_repository_repository.go:24.2,26.1 1 0
github.com/bruli-lab/stowmark/internal/infra/ssh/folder_repository_repository.go:30.2,30.34 1 0
github.com/bruli-lab/stowmark/internal/infra/ssh/folder_repository_repository.go:31.3,32.1 1 0
github.com/bruli-lab/stowmark/internal/infra/ssh/folder_repository_repository.go:34.2,35.9 2 0
github.com/bruli-lab/stowmark/internal/infra/ssh/folder_repository_repository.go:37.3,37.19 1 0
github.com/bruli-lab/stowmark/internal/infra/ssh/folder_repository_repository.go:40.3,40.20 1 0
github.com/bruli-lab/stowmark/internal/infra/ssh/folder_repository_repository.go:43.3,47.4 1 0
github.com/bruli-lab/stowmark/internal/infra/ssh/folder_repository_repository.go:52.2,52.34 1 0
github.com/bruli-lab/stowmark/internal/infra/ssh/folder_repository_repository.go:53.3,54.1 1 0
github.com/bruli-lab/stowmark/internal/infra/ssh/folder_repository_repository.go:56.2,56.54 1 0
github.com/bruli-lab/stowmark/internal/infra/ssh/folder_repository_repository.go:57.3,62.1 1 0
github.com/bruli-lab/stowmark/internal/infra/ssh/folder_repository_repository.go:64.2,64.12 1 0
github.com/bruli-lab/stowmark/internal/infra/ssh/folder_repository_repository.go:68.2,69.16 2 0
github.com/bruli-lab/stowmark/internal/infra/ssh/folder_repository_repository.go:70.3,71.1 1 0
github.com/bruli-lab/stowmark/internal/infra/ssh/folder_repository_repository.go:73.2,75.1 3 0
github.com/bruli-lab/stowmark/internal/infra/ssh/folder_repository_repository.go:76.2,76.62 3 0
github.com/bruli-lab/stowmark/internal/infra/ssh/folder_repository_repository.go:77.3,78.1 1 0
github.com/bruli-lab/stowmark/internal/infra/ssh/folder_repository_repository.go:80.2,80.34 1 0
github.com/bruli-lab/stowmark/internal/infra/ssh/folder_repository_repository.go:81.3,83.1 2 0
github.com/bruli-lab/stowmark/internal/infra/ssh/folder_repository_repository.go:85.2,85.72 1 0
github.com/bruli-lab/stowmark/internal/infra/ssh/folder_repository_repository.go:86.3,87.1 2 0
github.com/bruli-lab/stowmark/internal/infra/ssh/folder_repository_repository.go:88.3,89.1 2 0
github.com/bruli-lab/stowmark/internal/infra/ssh/folder_repository_repository.go:91.2,91.12 1 0
github.com/bruli-lab/stowmark/internal/infra/ssh/folder_repository_repository.go:95.2,95.34 1 0
github.com/bruli-lab/stowmark/internal/infra/ssh/folder_repository_repository.go:96.3,97.1 1 0
github.com/bruli-lab/stowmark/internal/infra/ssh/folder_repository_repository.go:99.2,100.1 3 0
github.com/bruli-lab/stowmark/internal/infra/ssh/folder_repository_repository.go:101.2,102.16 3 0
github.com/bruli-lab/stowmark/internal/infra/ssh/folder_repository_repository.go:103.3,108.1 1 0
github.com/bruli-lab/stowmark/internal/infra/ssh/folder_repository_repository.go:109.2,109.15 1 0
github.com/bruli-lab/stowmark/internal/infra/ssh/folder_repository_repository.go:110.3,111.1 1 0
github.com/bruli-lab/stowmark/internal/infra/ssh/folder_repository_repository.go:113.2,114.1 2 0
github.com/bruli-lab/stowmark/internal/infra/ssh/folder_repository_repository.go:115.2,115.53 2 0
github.com/bruli-lab/stowmark/internal/infra/ssh/folder_repository_repository.go:116.3,121.1 1 0
github.com/bruli-lab/stowmark/internal/infra/ssh/folder_repository_repository.go:123.2,123.38 1 0
github.com/bruli-lab/stowmark/internal/infra/ssh/folder_repository_repository.go:127.2,128.16 2 0
github.com/bruli-lab/stowmark/internal/infra/ssh/folder_repository_repository.go:129.3,134.1 1 0
github.com/bruli-lab/stowmark/internal/infra/ssh/folder_repository_repository.go:136.2,143.1 3 0
github.com/bruli-lab/stowmark/internal/infra/ssh/folder_repository_repository.go:144.2,145.1 3 0
github.com/bruli-lab/stowmark/internal/infra/ssh/folder_repository_repository.go:146.2,146.21 3 0
github.com/bruli-lab/stowmark/internal/infra/ssh/folder_repository_repository.go:147.3,148.1 2 0
github.com/bruli-lab/stowmark/internal/infra/ssh/folder_repository_repository.go:149.3,154.1 2 0
github.com/bruli-lab/stowmark/internal/infra/ssh/folder_repository_repository.go:156.2,156.21 1 0
github.com/bruli-lab/stowmark/internal/infra/ssh/folder_repository_repository.go:157.3,162.1 1 0
github.com/bruli-lab/stowmark/internal/infra/ssh/folder_repository_repository.go:164.2,164.12 1 0
github.com/bruli-lab/stowmark/internal/infra/ssh/folder_repository_repository.go:168.2,174.1 1 0
github.com/bruli-lab/stowmark/internal/infra/ssh/manifest_repository.go:26.2,26.34 1 0
github.com/bruli-lab/stowmark/internal/infra/ssh/manifest_repository.go:27.3,28.1 1 0
github.com/bruli-lab/stowmark/internal/infra/ssh/manifest_repository.go:30.2,30.14 1 0
github.com/bruli-lab/stowmark/internal/infra/ssh/manifest_repository.go:31.3,32.1 1 0
github.com/bruli-lab/stowmark/internal/infra/ssh/manifest_repository.go:34.2,35.1 3 0
github.com/bruli-lab/stowmark/internal/infra/ssh/manifest_repository.go:36.2,37.16 3 0
github.com/bruli-lab/stowmark/internal/infra/ssh/manifest_repository.go:38.3,39.1 1 0
github.com/bruli-lab/stowmark/internal/infra/ssh/manifest_repository.go:40.2,41.1 3 0
github.com/bruli-lab/stowmark/internal/infra/ssh/manifest_repository.go:42.2,46.1 3 0
github.com/bruli-lab/stowmark/internal/infra/ssh/manifest_repository.go:47.2,47.58 3 0
github.com/bruli-lab/stowmark/internal/infra/ssh/manifest_repository.go:48.3,49.1 1 0
github.com/bruli-lab/stowmark/internal/infra/ssh/manifest_repository.go:51.2,55.1 3 0
github.com/bruli-lab/stowmark/internal/infra/ssh/manifest_repository.go:56.2,60.16 3 0
github.com/bruli-lab/stowmark/internal/infra/ssh/manifest_repository.go:61.3,62.1 1 0
github.com/bruli-lab/stowmark/internal/infra/ssh/manifest_repository.go:64.2,65.1 2 0
github.com/bruli-lab/stowmark/internal/infra/ssh/manifest_repository.go:66.2,66.15 2 0
github.com/bruli-lab/stowmark/internal/infra/ssh/manifest_repository.go:67.3,68.1 2 0
github.com/bruli-lab/stowmark/internal/infra/ssh/manifest_repository.go:69.3,69.22 2 0
github.com/bruli-lab/stowmark/internal/infra/ssh/manifest_repository.go:70.4,71.1 1 0
github.com/bruli-lab/stowmark/internal/infra/ssh/manifest_repository.go:74.2,80.16 1 0
github.com/bruli-lab/stowmark/internal/infra/ssh/manifest_repository.go:81.3,82.1 1 0
github.com/bruli-lab/stowmark/internal/infra/ssh/manifest_repository.go:84.2,84.37 1 0
github.com/bruli-lab/stowmark/internal/infra/ssh/manifest_repository.go:85.3,86.1 1 0
github.com/bruli-lab/stowmark/internal/infra/ssh/manifest_repository.go:88.2,88.61 1 0
github.com/bruli-lab/stowmark/internal/infra/ssh/manifest_repository.go:89.3,90.1 1 0
github.com/bruli-lab/stowmark/internal/infra/ssh/manifest_repository.go:92.2,93.1 2 0
github.com/bruli-lab/stowmark/internal/infra/ssh/manifest_repository.go:94.2,94.12 2 0
github.com/bruli-lab/stowmark/internal/infra/ssh/manifest_repository.go:98.2,98.34 1 0
github.com/bruli-lab/stowmark/internal/infra/ssh/manifest_repository.go:99.3,100.1 1 0
github.com/bruli-lab/stowmark/internal/infra/ssh/manifest_repository.go:102.2,106.1 3 0
github.com/bruli-lab/stowmark/internal/infra/ssh/manifest_repository.go:107.2,108.16 3 0
github.com/bruli-lab/stowmark/internal/infra/ssh/manifest_repository.go:109.3,114.1 1 0
github.com/bruli-lab/stowmark/internal/infra/ssh/manifest_repository.go:116.2,117.1 2 0
github.com/bruli-lab/stowmark/internal/infra/ssh/manifest_repository.go:118.2,118.32 2 0
github.com/bruli-lab/stowmark/internal/infra/ssh/manifest_repository.go:119.3,119.35 1 0
github.com/bruli-lab/stowmark/internal/infra/ssh/manifest_repository.go:120.4,121.1 1 0
github.com/bruli-lab/stowmark/internal/infra/ssh/manifest_repository.go:123.3,123.20 1 0
github.com/bruli-lab/stowmark/internal/infra/ssh/manifest_repository.go:124.4,124.12 1 0
github.com/bruli-lab/stowmark/internal/infra/ssh/manifest_repository.go:127.3,131.1 3 0
github.com/bruli-lab/stowmark/internal/infra/ssh/manifest_repository.go:132.3,133.17 3 0
github.com/bruli-lab/stowmark/internal/infra/ssh/manifest_repository.go:134.4,135.1 1 0
github.com/bruli-lab/stowmark/internal/infra/ssh/manifest_repository.go:137.3,142.1 3 0
github.com/bruli-lab/stowmark/internal/infra/ssh/manifest_repository.go:143.3,143.21 3 0
github.com/bruli-lab/stowmark/internal/infra/ssh/manifest_repository.go:144.4,145.1 1 0
github.com/bruli-lab/stowmark/internal/infra/ssh/manifest_repository.go:147.3,147.22 1 0
github.com/bruli-lab/stowmark/internal/infra/ssh/manifest_repository.go:148.4,149.1 1 0
github.com/bruli-lab/stowmark/internal/infra/ssh/manifest_repository.go:151.3,152.17 2 0
github.com/bruli-lab/stowmark/internal/infra/ssh/manifest_repository.go:153.4,154.1 1 0
github.com/bruli-lab/stowmark/internal/infra/ssh/manifest_repository.go:156.3,156.43 1 0
github.com/bruli-lab/stowmark/internal/infra/ssh/manifest_repository.go:159.2,159.62 1 0
github.com/bruli-lab/stowmark/internal/infra/ssh/manifest_repository.go:160.3,161.1 1 0
github.com/bruli-lab/stowmark/internal/infra/ssh/manifest_repository.go:163.2,163.23 1 0
github.com/bruli-lab/stowmark/internal/infra/ssh/manifest_repository.go:167.2,167.34 1 0
github.com/bruli-lab/stowmark/internal/infra/ssh/manifest_repository.go:168.3,169.1 1 0
github.com/bruli-lab/stowmark/internal/infra/ssh/manifest_repository.go:171.2,172.1 3 0
github.com/bruli-lab/stowmark/internal/infra/ssh/manifest_repository.go:173.2,174.16 3 0
github.com/bruli-lab/stowmark/internal/infra/ssh/manifest_repository.go:175.3,175.25 1 0
github.com/bruli-lab/stowmark/internal/infra/ssh/manifest_repository.go:176.4,177.1 1 0
github.com/bruli-lab/stowmark/internal/infra/ssh/manifest_repository.go:179.3,179.71 1 0
github.com/bruli-lab/stowmark/internal/infra/ssh/manifest_repository.go:181.2,181.15 1 0
github.com/bruli-lab/stowmark/internal/infra/ssh/manifest_repository.go:182.3,183.1 1 0
github.com/bruli-lab/stowmark/internal/infra/ssh/manifest_repository.go:185.2,191.16 2 0
github.com/bruli-lab/stowmark/internal/infra/ssh/manifest_repository.go:192.3,193.1 1 0
github.com/bruli-lab/stowmark/internal/infra/ssh/manifest_repository.go:195.2,195.50 1 0
github.com/bruli-lab/stowmark/internal/infra/ssh/manifest_repository.go:199.2,200.1 1 0
github.com/bruli-lab/stowmark/internal/infra/ssh/object_repository.go:33.2,33.34 1 0
github.com/bruli-lab/stowmark/internal/infra/ssh/object_repository.go:34.3,35.1 1 0
github.com/bruli-lab/stowmark/internal/infra/ssh/object_repository.go:37.2,38.1 3 0
github.com/bruli-lab/stowmark/internal/infra/ssh/object_repository.go:39.2,40.16 3 0
github.com/bruli-lab/stowmark/internal/infra/ssh/object_repository.go:41.3,41.25 1 0
github.com/bruli-lab/stowmark/internal/infra/ssh/object_repository.go:42.4,43.1 1 0
github.com/bruli-lab/stowmark/internal/infra/ssh/object_repository.go:45.3,45.109 1 0
github.com/bruli-lab/stowmark/internal/infra/ssh/object_repository.go:48.2,49.1 2 0
github.com/bruli-lab/stowmark/internal/infra/ssh/object_repository.go:50.2,50.52 2 0
github.com/bruli-lab/stowmark/internal/infra/ssh/object_repository.go:51.3,51.35 1 0
github.com/bruli-lab/stowmark/internal/infra/ssh/object_repository.go:52.4,53.1 1 0
github.com/bruli-lab/stowmark/internal/infra/ssh/object_repository.go:55.3,56.37 1 0
github.com/bruli-lab/stowmark/internal/infra/ssh/object_repository.go:57.4,57.12 1 0
github.com/bruli-lab/stowmark/internal/infra/ssh/object_repository.go:60.3,62.1 4 0
github.com/bruli-lab/stowmark/internal/infra/ssh/object_repository.go:63.3,64.17 4 0
github.com/bruli-lab/stowmark/internal/infra/ssh/object_repository.go:65.4,66.1 1 0
github.com/bruli-lab/stowmark/internal/infra/ssh/object_repository.go:68.3,68.33 1 0
github.com/bruli-lab/stowmark/internal/infra/ssh/object_repository.go:69.4,69.36 1 0
github.com/bruli-lab/stowmark/internal/infra/ssh/object_repository.go:70.5,71.1 1 0
github.com/bruli-lab/stowmark/internal/infra/ssh/object_repository.go:73.4,73.43 1 0
github.com/bruli-lab/stowmark/internal/infra/ssh/object_repository.go:74.5,74.13 1 0
github.com/bruli-lab/stowmark/internal/infra/ssh/object_repository.go:77.4,77.48 1 0
github.com/bruli-lab/stowmark/internal/infra/ssh/object_repository.go:81.2,82.1 2 0
github.com/bruli-lab/stowmark/internal/infra/ssh/object_repository.go:83.2,83.20 2 0
github.com/bruli-lab/stowmark/internal/infra/ssh/object_repository.go:87.2,87.34 1 0
github.com/bruli-lab/stowmark/internal/infra/ssh/object_repository.go:88.3,89.1 1 0
github.com/bruli-lab/stowmark/internal/infra/ssh/object_repository.go:91.2,91.19 1 0
github.com/bruli-lab/stowmark/internal/infra/ssh/object_repository.go:92.3,93.1 1 0
github.com/bruli-lab/stowmark/internal/infra/ssh/object_repository.go:95.2,95.19 1 0
github.com/bruli-lab/stowmark/internal/infra/ssh/object_repository.go:96.3,97.1 1 0
github.com/bruli-lab/stowmark/internal/infra/ssh/object_repository.go:99.2,101.1 4 0
github.com/bruli-lab/stowmark/internal/infra/ssh/object_repository.go:102.2,103.16 4 0
github.com/bruli-lab/stowmark/internal/infra/ssh/object_repository.go:104.3,104.25 1 0
github.com/bruli-lab/stowmark/internal/infra/ssh/object_repository.go:105.4,106.1 1 0
github.com/bruli-lab/stowmark/internal/infra/ssh/object_repository.go:108.3,108.78 1 0
github.com/bruli-lab/stowmark/internal/infra/ssh/object_repository.go:111.2,111.34 1 0
github.com/bruli-lab/stowmark/internal/infra/ssh/object_repository.go:112.3,114.1 2 0
github.com/bruli-lab/stowmark/internal/infra/ssh/object_repository.go:116.2,117.16 2 0
github.com/bruli-lab/stowmark/internal/infra/ssh/object_repository.go:118.3,120.1 2 0
github.com/bruli-lab/stowmark/internal/infra/ssh/object_repository.go:122.2,125.8 1 0
github.com/bruli-lab/stowmark/internal/infra/ssh/object_repository.go:129.2,129.34 1 0
github.com/bruli-lab/stowmark/internal/infra/ssh/object_repository.go:130.3,131.1 1 0
github.com/bruli-lab/stowmark/internal/infra/ssh/object_repository.go:133.2,133.19 1 0
github.com/bruli-lab/stowmark/internal/infra/ssh/object_repository.go:134.3,135.1 1 0
github.com/bruli-lab/stowmark/internal/infra/ssh/object_repository.go:137.2,137.19 1 0
github.com/bruli-lab/stowmark/internal/infra/ssh/object_repository.go:138.3,139.1 1 0
github.com/bruli-lab/stowmark/internal/infra/ssh/object_repository.go:141.2,141.19 1 0
github.com/bruli-lab/stowmark/internal/infra/ssh/object_repository.go:142.3,143.1 1 0
github.com/bruli-lab/stowmark/internal/infra/ssh/object_repository.go:145.2,147.1 3 0
github.com/bruli-lab/stowmark/internal/infra/ssh/object_repository.go:148.2,148.59 3 0
github.com/bruli-lab/stowmark/internal/infra/ssh/object_repository.go:149.3,150.1 1 0
github.com/bruli-lab/stowmark/internal/infra/ssh/object_repository.go:152.2,153.1 3 0
github.com/bruli-lab/stowmark/internal/infra/ssh/object_repository.go:154.2,155.16 3 0
github.com/bruli-lab/stowmark/internal/infra/ssh/object_repository.go:156.3,157.1 1 0
github.com/bruli-lab/stowmark/internal/infra/ssh/object_repository.go:159.2,159.22 1 0
github.com/bruli-lab/stowmark/internal/infra/ssh/object_repository.go:160.3,162.1 2 0
github.com/bruli-lab/stowmark/internal/infra/ssh/object_repository.go:164.2,165.16 2 0
github.com/bruli-lab/stowmark/internal/infra/ssh/object_repository.go:166.3,168.1 2 0
github.com/bruli-lab/stowmark/internal/infra/ssh/object_repository.go:170.2,170.59 1 0
github.com/bruli-lab/stowmark/internal/infra/ssh/object_repository.go:171.3,174.1 3 0
github.com/bruli-lab/stowmark/internal/infra/ssh/object_repository.go:176.2,176.34 1 0
github.com/bruli-lab/stowmark/internal/infra/ssh/object_repository.go:177.3,180.1 3 0
github.com/bruli-lab/stowmark/internal/infra/ssh/object_repository.go:182.2,182.41 1 0
github.com/bruli-lab/stowmark/internal/infra/ssh/object_repository.go:183.3,185.1 2 0
github.com/bruli-lab/stowmark/internal/infra/ssh/object_repository.go:187.2,187.44 1 0
github.com/bruli-lab/stowmark/internal/infra/ssh/object_repository.go:188.3,190.1 2 0
github.com/bruli-lab/stowmark/internal/infra/ssh/object_repository.go:192.2,192.12 1 0
github.com/bruli-lab/stowmark/internal/infra/ssh/object_repository.go:196.2,196.34 1 0
github.com/bruli-lab/stowmark/internal/infra/ssh/object_repository.go:197.3,198.1 1 0
github.com/bruli-lab/stowmark/internal/infra/ssh/object_repository.go:200.2,201.1 3 0
github.com/bruli-lab/stowmark/internal/infra/ssh/object_repository.go:202.2,203.16 3 0
github.com/bruli-lab/stowmark/internal/infra/ssh/object_repository.go:204.3,204.25 1 0
github.com/bruli-lab/stowmark/internal/infra/ssh/object_repository.go:205.4,206.1 1 0
github.com/bruli-lab/stowmark/internal/infra/ssh/object_repository.go:208.3,208.104 1 0
github.com/bruli-lab/stowmark/internal/infra/ssh/object_repository.go:211.2,211.52 1 0
github.com/bruli-lab/stowmark/internal/infra/ssh/object_repository.go:212.3,212.35 1 0
github.com/bruli-lab/stowmark/internal/infra/ssh/object_repository.go:213.4,214.1 1 0
github.com/bruli-lab/stowmark/internal/infra/ssh/object_repository.go:216.3,217.1 2 0
github.com/bruli-lab/stowmark/internal/infra/ssh/object_repository.go:218.3,218.31 2 0
github.com/bruli-lab/stowmark/internal/infra/ssh/object_repository.go:219.4,219.77 1 0
github.com/bruli-lab/stowmark/internal/infra/ssh/object_repository.go:220.5,221.1 1 0
github.com/bruli-lab/stowmark/internal/infra/ssh/object_repository.go:223.4,223.12 1 0
github.com/bruli-lab/stowmark/internal/infra/ssh/object_repository.go:226.3,227.17 2 0
github.com/bruli-lab/stowmark/internal/infra/ssh/object_repository.go:228.4,229.1 1 0
github.com/bruli-lab/stowmark/internal/infra/ssh/object_repository.go:231.3,231.33 1 0
github.com/bruli-lab/stowmark/internal/infra/ssh/object_repository.go:232.4,232.36 1 0
github.com/bruli-lab/stowmark/internal/infra/ssh/object_repository.go:233.5,234.1 1 0
github.com/bruli-lab/stowmark/internal/infra/ssh/object_repository.go:236.4,237.1 2 0
github.com/bruli-lab/stowmark/internal/infra/ssh/object_repository.go:238.4,238.21 2 0
github.com/bruli-lab/stowmark/internal/infra/ssh/object_repository.go:239.5,240.1 1 0
github.com/bruli-lab/stowmark/internal/infra/ssh/object_repository.go:242.4,242.77 1 0
github.com/bruli-lab/stowmark/internal/infra/ssh/object_repository.go:243.5,244.1 1 0
github.com/bruli-lab/stowmark/internal/infra/ssh/object_repository.go:247.3,247.85 1 0
github.com/bruli-lab/stowmark/internal/infra/ssh/object_repository.go:248.4,249.1 1 0
github.com/bruli-lab/stowmark/internal/infra/ssh/object_repository.go:252.2,252.83 1 0
github.com/bruli-lab/stowmark/internal/infra/ssh/object_repository.go:253.3,254.1 1 0
github.com/bruli-lab/stowmark/internal/infra/ssh/object_repository.go:256.2,256.12 1 0
github.com/bruli-lab/stowmark/internal/infra/ssh/object_repository.go:260.2,260.69 1 0
github.com/bruli-lab/stowmark/internal/infra/ssh/object_repository.go:261.3,262.1 1 0
github.com/bruli-lab/stowmark/internal/infra/ssh/object_repository.go:263.2,263.12 1 0
github.com/bruli-lab/stowmark/internal/infra/ssh/object_repository.go:267.2,267.34 1 0
github.com/bruli-lab/stowmark/internal/infra/ssh/object_repository.go:268.3,269.1 1 0
github.com/bruli-lab/stowmark/internal/infra/ssh/object_repository.go:271.2,271.19 1 0
github.com/bruli-lab/stowmark/internal/infra/ssh/object_repository.go:272.3,273.1 1 0
github.com/bruli-lab/stowmark/internal/infra/ssh/object_repository.go:275.2,277.1 4 0
github.com/bruli-lab/stowmark/internal/infra/ssh/object_repository.go:278.2,279.16 4 0
github.com/bruli-lab/stowmark/internal/infra/ssh/object_repository.go:280.3,281.23 1 0
github.com/bruli-lab/stowmark/internal/infra/ssh/object_repository.go:282.4,283.1 1 0
github.com/bruli-lab/stowmark/internal/infra/ssh/object_repository.go:285.3,285.68 1 0
github.com/bruli-lab/stowmark/internal/infra/ssh/object_repository.go:288.2,288.28 1 0
github.com/bruli-lab/stowmark/internal/infra/ssh/object_repository.go:289.3,290.1 1 0
github.com/bruli-lab/stowmark/internal/infra/ssh/object_repository.go:292.2,293.16 2 0
github.com/bruli-lab/stowmark/internal/infra/ssh/object_repository.go:294.3,296.1 2 0
github.com/bruli-lab/stowmark/internal/infra/ssh/object_repository.go:298.2,301.8 1 0
github.com/bruli-lab/stowmark/internal/infra/ssh/object_repository.go:305.2,305.34 1 0
github.com/bruli-lab/stowmark/internal/infra/ssh/object_repository.go:306.3,307.1 1 0
github.com/bruli-lab/stowmark/internal/infra/ssh/object_repository.go:309.2,310.16 2 0
github.com/bruli-lab/stowmark/internal/infra/ssh/object_repository.go:311.3,312.1 1 0
github.com/bruli-lab/stowmark/internal/infra/ssh/object_repository.go:313.2,313.15 1 0
github.com/bruli-lab/stowmark/internal/infra/ssh/object_repository.go:314.3,315.1 1 0
github.com/bruli-lab/stowmark/internal/infra/ssh/object_repository.go:317.2,318.16 2 0
github.com/bruli-lab/stowmark/internal/infra/ssh/object_repository.go:319.3,320.1 1 0
github.com/bruli-lab/stowmark/internal/infra/ssh/object_repository.go:322.2,323.1 2 0
github.com/bruli-lab/stowmark/internal/infra/ssh/object_repository.go:324.2,324.62 2 0
github.com/bruli-lab/stowmark/internal/infra/ssh/object_repository.go:325.3,326.1 1 0
github.com/bruli-lab/stowmark/internal/infra/ssh/object_repository.go:328.2,332.16 2 0
github.com/bruli-lab/stowmark/internal/infra/ssh/object_repository.go:333.3,334.1 1 0
github.com/bruli-lab/stowmark/internal/infra/ssh/object_repository.go:336.2,337.1 2 0
github.com/bruli-lab/stowmark/internal/infra/ssh/object_repository.go:338.2,338.15 2 0
github.com/bruli-lab/stowmark/internal/infra/ssh/object_repository.go:339.3,340.1 2 0
github.com/bruli-lab/stowmark/internal/infra/ssh/object_repository.go:341.3,341.22 2 0
github.com/bruli-lab/stowmark/internal/infra/ssh/object_repository.go:342.4,343.1 1 0
github.com/bruli-lab/stowmark/internal/infra/ssh/object_repository.go:346.2,353.1 2 0
github.com/bruli-lab/stowmark/internal/infra/ssh/object_repository.go:354.2,354.21 2 0
github.com/bruli-lab/stowmark/internal/infra/ssh/object_repository.go:355.3,356.1 1 0
github.com/bruli-lab/stowmark/internal/infra/ssh/object_repository.go:358.2,358.37 1 0
github.com/bruli-lab/stowmark/internal/infra/ssh/object_repository.go:359.3,360.1 1 0
github.com/bruli-lab/stowmark/internal/infra/ssh/object_repository.go:362.2,362.44 1 0
github.com/bruli-lab/stowmark/internal/infra/ssh/object_repository.go:363.3,364.1 1 0
github.com/bruli-lab/stowmark/internal/infra/ssh/object_repository.go:366.2,367.12 2 0
github.com/bruli-lab/stowmark/internal/infra/ssh/object_repository.go:371.2,371.34 1 0
github.com/bruli-lab/stowmark/internal/infra/ssh/object_repository.go:372.3,373.1 1 0
github.com/bruli-lab/stowmark/internal/infra/ssh/object_repository.go:375.2,375.17 1 0
github.com/bruli-lab/stowmark/internal/infra/ssh/object_repository.go:376.3,377.1 1 0
github.com/bruli-lab/stowmark/internal/infra/ssh/object_repository.go:379.2,379.16 1 0
github.com/bruli-lab/stowmark/internal/infra/ssh/object_repository.go:380.3,381.1 1 0
github.com/bruli-lab/stowmark/internal/infra/ssh/object_repository.go:383.2,384.16 2 0
github.com/bruli-lab/stowmark/internal/infra/ssh/object_repository.go:385.3,386.1 1 0
github.com/bruli-lab/stowmark/internal/infra/ssh/object_repository.go:388.2,389.1 2 0
github.com/bruli-lab/stowmark/internal/infra/ssh/object_repository.go:390.2,393.16 2 0
github.com/bruli-lab/stowmark/internal/infra/ssh/object_repository.go:394.3,395.1 1 0
github.com/bruli-lab/stowmark/internal/infra/ssh/object_repository.go:397.2,402.16 2 0
github.com/bruli-lab/stowmark/internal/infra/ssh/object_repository.go:403.3,404.1 1 0
github.com/bruli-lab/stowmark/internal/infra/ssh/object_repository.go:406.2,407.1 2 0
github.com/bruli-lab/stowmark/internal/infra/ssh/object_repository.go:408.2,408.15 2 0
github.com/bruli-lab/stowmark/internal/infra/ssh/object_repository.go:409.3,409.23 1 0
github.com/bruli-lab/stowmark/internal/infra/ssh/object_repository.go:410.4,411.1 1 0
github.com/bruli-lab/stowmark/internal/infra/ssh/object_repository.go:413.3,414.33 2 0
github.com/bruli-lab/stowmark/internal/infra/ssh/object_repository.go:417.2,418.1 2 0
github.com/bruli-lab/stowmark/internal/infra/ssh/object_repository.go:419.2,419.34 2 0
github.com/bruli-lab/stowmark/internal/infra/ssh/object_repository.go:420.3,420.35 1 0
github.com/bruli-lab/stowmark/internal/infra/ssh/object_repository.go:421.4,422.1 1 0
github.com/bruli-lab/stowmark/internal/infra/ssh/object_repository.go:424.3,425.17 2 0
github.com/bruli-lab/stowmark/internal/infra/ssh/object_repository.go:426.4,427.1 1 0
github.com/bruli-lab/stowmark/internal/infra/ssh/object_repository.go:429.3,429.26 1 0
github.com/bruli-lab/stowmark/internal/infra/ssh/object_repository.go:432.2,432.32 1 0
github.com/bruli-lab/stowmark/internal/infra/ssh/object_repository.go:433.3,434.1 1 0
github.com/bruli-lab/stowmark/internal/infra/ssh/object_repository.go:436.2,436.44 1 0
github.com/bruli-lab/stowmark/internal/infra/ssh/object_repository.go:437.3,438.1 1 0
github.com/bruli-lab/stowmark/internal/infra/ssh/object_repository.go:440.2,441.1 2 0
github.com/bruli-lab/stowmark/internal/infra/ssh/object_repository.go:442.2,442.12 2 0
github.com/bruli-lab/stowmark/internal/infra/ssh/object_repository.go:446.2,446.34 1 0
github.com/bruli-lab/stowmark/internal/infra/ssh/object_repository.go:447.3,448.1 1 0
github.com/bruli-lab/stowmark/internal/infra/ssh/object_repository.go:450.2,450.19 1 0
github.com/bruli-lab/stowmark/internal/infra/ssh/object_repository.go:451.3,452.1 1 0
github.com/bruli-lab/stowmark/internal/infra/ssh/object_repository.go:454.2,456.1 4 0
github.com/bruli-lab/stowmark/internal/infra/ssh/object_repository.go:457.2,458.16 4 0
github.com/bruli-lab/stowmark/internal/infra/ssh/object_repository.go:459.3,460.1 1 0
github.com/bruli-lab/stowmark/internal/infra/ssh/object_repository.go:461.2,461.15 1 0
github.com/bruli-lab/stowmark/internal/infra/ssh/object_repository.go:462.3,463.1 1 0
github.com/bruli-lab/stowmark/internal/infra/ssh/object_repository.go:465.2,466.1 2 0
github.com/bruli-lab/stowmark/internal/infra/ssh/object_repository.go:467.2,467.27 2 0
github.com/bruli-lab/stowmark/internal/infra/ssh/object_repository.go:468.3,469.17 2 0
github.com/bruli-lab/stowmark/internal/infra/ssh/object_repository.go:470.4,471.1 1 0
github.com/bruli-lab/stowmark/internal/infra/ssh/object_repository.go:474.2,475.16 2 0
github.com/bruli-lab/stowmark/internal/infra/ssh/object_repository.go:476.3,477.1 1 0
github.com/bruli-lab/stowmark/internal/infra/ssh/object_repository.go:479.2,480.16 2 0
github.com/bruli-lab/stowmark/internal/infra/ssh/object_repository.go:481.3,482.1 1 0
github.com/bruli-lab/stowmark/internal/infra/ssh/object_repository.go:483.2,484.1 3 0
github.com/bruli-lab/stowmark/internal/infra/ssh/object_repository.go:485.2,492.16 3 0
github.com/bruli-lab/stowmark/internal/infra/ssh/object_repository.go:493.3,498.1 1 0
github.com/bruli-lab/stowmark/internal/infra/ssh/object_repository.go:500.2,500.21 1 0
github.com/bruli-lab/stowmark/internal/infra/ssh/object_repository.go:504.2,504.34 1 0
github.com/bruli-lab/stowmark/internal/infra/ssh/object_repository.go:505.3,506.1 1 0
github.com/bruli-lab/stowmark/internal/infra/ssh/object_repository.go:508.2,508.19 1 0
github.com/bruli-lab/stowmark/internal/infra/ssh/object_repository.go:509.3,510.1 1 0
github.com/bruli-lab/stowmark/internal/infra/ssh/object_repository.go:512.2,513.1 4 0
github.com/bruli-lab/stowmark/internal/infra/ssh/object_repository.go:514.2,515.1 4 0
github.com/bruli-lab/stowmark/internal/infra/ssh/object_repository.go:516.2,517.9 4 0
github.com/bruli-lab/stowmark/internal/infra/ssh/object_repository.go:519.3,519.19 1 0
github.com/bruli-lab/stowmark/internal/infra/ssh/object_repository.go:521.3,521.20 1 0
github.com/bruli-lab/stowmark/internal/infra/ssh/object_repository.go:524.3,524.91 1 0
github.com/bruli-lab/stowmark/internal/infra/ssh/object_repository.go:529.2,529.34 1 0
github.com/bruli-lab/stowmark/internal/infra/ssh/object_repository.go:530.3,531.1 1 0
github.com/bruli-lab/stowmark/internal/infra/ssh/object_repository.go:533.2,533.17 1 0
github.com/bruli-lab/stowmark/internal/infra/ssh/object_repository.go:534.3,535.1 1 0
github.com/bruli-lab/stowmark/internal/infra/ssh/object_repository.go:537.2,537.19 1 0
github.com/bruli-lab/stowmark/internal/infra/ssh/object_repository.go:538.3,539.1 1 0
github.com/bruli-lab/stowmark/internal/infra/ssh/object_repository.go:541.2,544.1 4 0
github.com/bruli-lab/stowmark/internal/infra/ssh/object_repository.go:545.2,545.64 4 0
github.com/bruli-lab/stowmark/internal/infra/ssh/object_repository.go:546.3,547.1 1 0
github.com/bruli-lab/stowmark/internal/infra/ssh/object_repository.go:549.2,550.16 2 0
github.com/bruli-lab/stowmark/internal/infra/ssh/object_repository.go:551.3,552.1 1 0
github.com/bruli-lab/stowmark/internal/infra/ssh/object_repository.go:553.2,553.15 1 0
github.com/bruli-lab/stowmark/internal/infra/ssh/object_repository.go:554.3,555.1 1 0
github.com/bruli-lab/stowmark/internal/infra/ssh/object_repository.go:557.2,558.16 2 0
github.com/bruli-lab/stowmark/internal/infra/ssh/object_repository.go:559.3,559.22 1 0
github.com/bruli-lab/stowmark/internal/infra/ssh/object_repository.go:560.4,561.1 1 0
github.com/bruli-lab/stowmark/internal/infra/ssh/object_repository.go:563.3,563.78 1 0
github.com/bruli-lab/stowmark/internal/infra/ssh/object_repository.go:566.2,567.1 2 0
github.com/bruli-lab/stowmark/internal/infra/ssh/object_repository.go:568.2,568.15 2 0
github.com/bruli-lab/stowmark/internal/infra/ssh/object_repository.go:569.3,570.1 2 0
github.com/bruli-lab/stowmark/internal/infra/ssh/object_repository.go:571.3,571.22 2 0
github.com/bruli-lab/stowmark/internal/infra/ssh/object_repository.go:572.4,573.1 1 0
github.com/bruli-lab/stowmark/internal/infra/ssh/object_repository.go:576.2,577.16 2 0
github.com/bruli-lab/stowmark/internal/infra/ssh/object_repository.go:578.3,579.1 1 0
github.com/bruli-lab/stowmark/internal/infra/ssh/object_repository.go:581.2,583.1 3 0
github.com/bruli-lab/stowmark/internal/infra/ssh/object_repository.go:584.2,584.27 3 0
github.com/bruli-lab/stowmark/internal/infra/ssh/object_repository.go:585.3,586.17 2 0
github.com/bruli-lab/stowmark/internal/infra/ssh/object_repository.go:587.4,588.1 1 0
github.com/bruli-lab/stowmark/internal/infra/ssh/object_repository.go:590.3,591.37 2 0
github.com/bruli-lab/stowmark/internal/infra/ssh/object_repository.go:593.2,594.16 2 0
github.com/bruli-lab/stowmark/internal/infra/ssh/object_repository.go:595.3,595.29 1 0
github.com/bruli-lab/stowmark/internal/infra/ssh/object_repository.go:596.4,597.1 1 0
github.com/bruli-lab/stowmark/internal/infra/ssh/object_repository.go:598.3,598.99 1 0
github.com/bruli-lab/stowmark/internal/infra/ssh/object_repository.go:601.2,601.98 1 0
github.com/bruli-lab/stowmark/internal/infra/ssh/object_repository.go:602.3,603.1 1 0
github.com/bruli-lab/stowmark/internal/infra/ssh/object_repository.go:605.2,605.27 1 0
github.com/bruli-lab/stowmark/internal/infra/ssh/object_repository.go:606.3,606.42 1 0
github.com/bruli-lab/stowmark/internal/infra/ssh/object_repository.go:607.4,608.1 1 0
github.com/bruli-lab/stowmark/internal/infra/ssh/object_repository.go:611.2,611.28 1 0
github.com/bruli-lab/stowmark/internal/infra/ssh/object_repository.go:612.3,613.1 1 0
github.com/bruli-lab/stowmark/internal/infra/ssh/object_repository.go:615.2,615.44 1 0
github.com/bruli-lab/stowmark/internal/infra/ssh/object_repository.go:616.3,617.1 1 0
github.com/bruli-lab/stowmark/internal/infra/ssh/object_repository.go:619.2,620.1 2 0
github.com/bruli-lab/stowmark/internal/infra/ssh/object_repository.go:621.2,621.12 2 0
github.com/bruli-lab/stowmark/internal/infra/ssh/object_repository.go:625.2,632.1 2 0
github.com/bruli-lab/stowmark/internal/infra/webdav/client.go:18.2,19.16 2 0
github.com/bruli-lab/stowmark/internal/infra/webdav/client.go:20.3,21.1 1 0
github.com/bruli-lab/stowmark/internal/infra/webdav/client.go:23.2,23.35 1 0
github.com/bruli-lab/stowmark/internal/infra/webdav/client.go:25.3,25.20 1 0
github.com/bruli-lab/stowmark/internal/infra/webdav/client.go:27.3,27.21 1 0
github.com/bruli-lab/stowmark/internal/infra/webdav/client.go:29.3,32.4 1 0
github.com/bruli-lab/stowmark/internal/infra/webdav/client.go:35.2,35.18 1 0
github.com/bruli-lab/stowmark/internal/infra/webdav/client.go:36.3,37.1 1 0
github.com/bruli-lab/stowmark/internal/infra/webdav/client.go:39.2,40.1 6 0
github.com/bruli-lab/stowmark/internal/infra/webdav/client.go:41.2,45.1 6 0
github.com/bruli-lab/stowmark/internal/infra/webdav/client.go:46.2,49.8 6 0
github.com/bruli-lab/stowmark/internal/infra/webdav/client.go:53.2,55.1 3 0
github.com/bruli-lab/stowmark/internal/infra/webdav/client.go:56.2,56.41 3 0
github.com/bruli-lab/stowmark/internal/infra/webdav/client.go:57.3,58.1 1 0
github.com/bruli-lab/stowmark/internal/infra/webdav/client.go:60.2,60.20 1 0
github.com/bruli-lab/stowmark/internal/infra/webdav/folder_repository_repository.go:21.2,21.34 1 0
github.com/bruli-lab/stowmark/internal/infra/webdav/folder_repository_repository.go:22.3,23.1 1 0
github.com/bruli-lab/stowmark/internal/infra/webdav/folder_repository_repository.go:25.2,26.33 2 0
github.com/bruli-lab/stowmark/internal/infra/webdav/folder_repository_repository.go:27.3,28.1 1 0
github.com/bruli-lab/stowmark/internal/infra/webdav/folder_repository_repository.go:29.2,29.16 1 0
github.com/bruli-lab/stowmark/internal/infra/webdav/folder_repository_repository.go:30.3,31.1 1 0
github.com/bruli-lab/stowmark/internal/infra/webdav/folder_repository_repository.go:33.2,33.26 1 0
github.com/bruli-lab/stowmark/internal/infra/webdav/folder_repository_repository.go:37.2,37.34 1 0
github.com/bruli-lab/stowmark/internal/infra/webdav/folder_repository_repository.go:38.3,39.1 1 0
github.com/bruli-lab/stowmark/internal/infra/webdav/folder_repository_repository.go:41.2,42.61 2 0
github.com/bruli-lab/stowmark/internal/infra/webdav/folder_repository_repository.go:43.3,44.1 1 0
github.com/bruli-lab/stowmark/internal/infra/webdav/folder_repository_repository.go:46.2,46.12 1 0
github.com/bruli-lab/stowmark/internal/infra/webdav/folder_repository_repository.go:50.2,51.16 2 0
github.com/bruli-lab/stowmark/internal/infra/webdav/folder_repository_repository.go:52.3,53.1 1 0
github.com/bruli-lab/stowmark/internal/infra/webdav/folder_repository_repository.go:55.2,56.64 2 0
github.com/bruli-lab/stowmark/internal/infra/webdav/folder_repository_repository.go:57.3,58.1 1 0
github.com/bruli-lab/stowmark/internal/infra/webdav/folder_repository_repository.go:60.2,60.12 1 0
github.com/bruli-lab/stowmark/internal/infra/webdav/folder_repository_repository.go:64.2,64.34 1 0
github.com/bruli-lab/stowmark/internal/infra/webdav/folder_repository_repository.go:65.3,66.1 1 0
github.com/bruli-lab/stowmark/internal/infra/webdav/folder_repository_repository.go:68.2,69.1 3 0
github.com/bruli-lab/stowmark/internal/infra/webdav/folder_repository_repository.go:70.2,71.16 3 0
github.com/bruli-lab/stowmark/internal/infra/webdav/folder_repository_repository.go:72.3,72.34 1 0
github.com/bruli-lab/stowmark/internal/infra/webdav/folder_repository_repository.go:73.4,74.1 1 0
github.com/bruli-lab/stowmark/internal/infra/webdav/folder_repository_repository.go:76.3,76.71 1 0
github.com/bruli-lab/stowmark/internal/infra/webdav/folder_repository_repository.go:79.2,80.52 2 0
github.com/bruli-lab/stowmark/internal/infra/webdav/folder_repository_repository.go:81.3,82.1 1 0
github.com/bruli-lab/stowmark/internal/infra/webdav/folder_repository_repository.go:84.2,84.38 1 0
github.com/bruli-lab/stowmark/internal/infra/webdav/folder_repository_repository.go:88.2,89.1 1 0
github.com/bruli-lab/stowmark/internal/infra/webdav/folder_repository_repository.go:92.2,93.1 1 0
github.com/bruli-lab/stowmark/internal/infra/webdav/manifest_repository.go:22.2,22.34 1 0
github.com/bruli-lab/stowmark/internal/infra/webdav/manifest_repository.go:23.3,24.1 1 0
github.com/bruli-lab/stowmark/internal/infra/webdav/manifest_repository.go:26.2,27.1 3 0
github.com/bruli-lab/stowmark/internal/infra/webdav/manifest_repository.go:28.2,29.16 3 0
github.com/bruli-lab/stowmark/internal/infra/webdav/manifest_repository.go:30.3,31.1 1 0
github.com/bruli-lab/stowmark/internal/infra/webdav/manifest_repository.go:32.2,33.1 3 0
github.com/bruli-lab/stowmark/internal/infra/webdav/manifest_repository.go:34.2,39.1 3 0
github.com/bruli-lab/stowmark/internal/infra/webdav/manifest_repository.go:40.2,40.66 3 0
github.com/bruli-lab/stowmark/internal/infra/webdav/manifest_repository.go:41.3,42.1 1 0
github.com/bruli-lab/stowmark/internal/infra/webdav/manifest_repository.go:44.2,44.12 1 0
github.com/bruli-lab/stowmark/internal/infra/webdav/manifest_repository.go:48.2,48.34 1 0
github.com/bruli-lab/stowmark/internal/infra/webdav/manifest_repository.go:49.3,50.1 1 0
github.com/bruli-lab/stowmark/internal/infra/webdav/manifest_repository.go:52.2,56.1 3 0
github.com/bruli-lab/stowmark/internal/infra/webdav/manifest_repository.go:57.2,58.16 3 0
github.com/bruli-lab/stowmark/internal/infra/webdav/manifest_repository.go:59.3,60.1 1 0
github.com/bruli-lab/stowmark/internal/infra/webdav/manifest_repository.go:62.2,63.1 2 0
github.com/bruli-lab/stowmark/internal/infra/webdav/manifest_repository.go:64.2,64.32 2 0
github.com/bruli-lab/stowmark/internal/infra/webdav/manifest_repository.go:65.3,65.35 1 0
github.com/bruli-lab/stowmark/internal/infra/webdav/manifest_repository.go:66.4,67.1 1 0
github.com/bruli-lab/stowmark/internal/infra/webdav/manifest_repository.go:69.3,69.20 1 0
github.com/bruli-lab/stowmark/internal/infra/webdav/manifest_repository.go:70.4,70.12 1 0
github.com/bruli-lab/stowmark/internal/infra/webdav/manifest_repository.go:73.3,77.1 3 0
github.com/bruli-lab/stowmark/internal/infra/webdav/manifest_repository.go:78.3,79.17 3 0
github.com/bruli-lab/stowmark/internal/infra/webdav/manifest_repository.go:80.4,81.1 1 0
github.com/bruli-lab/stowmark/internal/infra/webdav/manifest_repository.go:83.3,84.17 2 0
github.com/bruli-lab/stowmark/internal/infra/webdav/manifest_repository.go:85.4,86.1 1 0
github.com/bruli-lab/stowmark/internal/infra/webdav/manifest_repository.go:88.3,88.43 1 0
github.com/bruli-lab/stowmark/internal/infra/webdav/manifest_repository.go:91.2,93.36 1 0
github.com/bruli-lab/stowmark/internal/infra/webdav/manifest_repository.go:94.4,95.1 1 0
github.com/bruli-lab/stowmark/internal/infra/webdav/manifest_repository.go:98.2,98.23 1 0
github.com/bruli-lab/stowmark/internal/infra/webdav/manifest_repository.go:102.2,102.34 1 0
github.com/bruli-lab/stowmark/internal/infra/webdav/manifest_repository.go:103.3,104.1 1 0
github.com/bruli-lab/stowmark/internal/infra/webdav/manifest_repository.go:106.2,111.1 3 0
github.com/bruli-lab/stowmark/internal/infra/webdav/manifest_repository.go:112.2,113.16 3 0
github.com/bruli-lab/stowmark/internal/infra/webdav/manifest_repository.go:114.3,114.34 1 0
github.com/bruli-lab/stowmark/internal/infra/webdav/manifest_repository.go:115.4,116.1 1 0
github.com/bruli-lab/stowmark/internal/infra/webdav/manifest_repository.go:118.3,118.75 1 0
github.com/bruli-lab/stowmark/internal/infra/webdav/manifest_repository.go:121.2,122.16 2 0
github.com/bruli-lab/stowmark/internal/infra/webdav/manifest_repository.go:123.3,124.1 1 0
github.com/bruli-lab/stowmark/internal/infra/webdav/manifest_repository.go:126.2,126.22 1 0
github.com/bruli-lab/stowmark/internal/infra/webdav/manifest_repository.go:130.2,131.1 1 0
github.com/bruli-lab/stowmark/internal/infra/webdav/object_repository.go:37.2,37.34 1 0
github.com/bruli-lab/stowmark/internal/infra/webdav/object_repository.go:38.3,39.1 1 0
github.com/bruli-lab/stowmark/internal/infra/webdav/object_repository.go:41.2,42.1 3 0
github.com/bruli-lab/stowmark/internal/infra/webdav/object_repository.go:43.2,44.16 3 0
github.com/bruli-lab/stowmark/internal/infra/webdav/object_repository.go:45.3,45.34 1 0
github.com/bruli-lab/stowmark/internal/infra/webdav/object_repository.go:46.4,47.1 1 0
github.com/bruli-lab/stowmark/internal/infra/webdav/object_repository.go:49.3,49.112 1 0
github.com/bruli-lab/stowmark/internal/infra/webdav/object_repository.go:52.2,53.1 2 0
github.com/bruli-lab/stowmark/internal/infra/webdav/object_repository.go:54.2,54.52 2 0
github.com/bruli-lab/stowmark/internal/infra/webdav/object_repository.go:55.3,55.35 1 0
github.com/bruli-lab/stowmark/internal/infra/webdav/object_repository.go:56.4,57.1 1 0
github.com/bruli-lab/stowmark/internal/infra/webdav/object_repository.go:59.3,59.67 1 0
github.com/bruli-lab/stowmark/internal/infra/webdav/object_repository.go:60.4,60.12 1 0
github.com/bruli-lab/stowmark/internal/infra/webdav/object_repository.go:63.3,65.1 4 0
github.com/bruli-lab/stowmark/internal/infra/webdav/object_repository.go:66.3,67.17 4 0
github.com/bruli-lab/stowmark/internal/infra/webdav/object_repository.go:68.4,69.1 1 0
github.com/bruli-lab/stowmark/internal/infra/webdav/object_repository.go:71.3,71.33 1 0
github.com/bruli-lab/stowmark/internal/infra/webdav/object_repository.go:72.4,72.36 1 0
github.com/bruli-lab/stowmark/internal/infra/webdav/object_repository.go:73.5,74.1 1 0
github.com/bruli-lab/stowmark/internal/infra/webdav/object_repository.go:76.4,76.43 1 0
github.com/bruli-lab/stowmark/internal/infra/webdav/object_repository.go:77.5,77.13 1 0
github.com/bruli-lab/stowmark/internal/infra/webdav/object_repository.go:80.4,80.48 1 0
github.com/bruli-lab/stowmark/internal/infra/webdav/object_repository.go:84.2,85.1 2 0
github.com/bruli-lab/stowmark/internal/infra/webdav/object_repository.go:86.2,86.20 2 0
github.com/bruli-lab/stowmark/internal/infra/webdav/object_repository.go:90.2,90.34 1 0
github.com/bruli-lab/stowmark/internal/infra/webdav/object_repository.go:91.3,92.1 1 0
github.com/bruli-lab/stowmark/internal/infra/webdav/object_repository.go:94.2,94.19 1 0
github.com/bruli-lab/stowmark/internal/infra/webdav/object_repository.go:95.3,96.1 1 0
github.com/bruli-lab/stowmark/internal/infra/webdav/object_repository.go:98.2,98.19 1 0
github.com/bruli-lab/stowmark/internal/infra/webdav/object_repository.go:99.3,100.1 1 0
github.com/bruli-lab/stowmark/internal/infra/webdav/object_repository.go:102.2,104.1 4 0
github.com/bruli-lab/stowmark/internal/infra/webdav/object_repository.go:105.2,106.16 4 0
github.com/bruli-lab/stowmark/internal/infra/webdav/object_repository.go:107.3,107.34 1 0
github.com/bruli-lab/stowmark/internal/infra/webdav/object_repository.go:108.4,109.1 1 0
github.com/bruli-lab/stowmark/internal/infra/webdav/object_repository.go:111.3,111.81 1 0
github.com/bruli-lab/stowmark/internal/infra/webdav/object_repository.go:114.2,114.34 1 0
github.com/bruli-lab/stowmark/internal/infra/webdav/object_repository.go:115.3,117.1 2 0
github.com/bruli-lab/stowmark/internal/infra/webdav/object_repository.go:119.2,120.16 2 0
github.com/bruli-lab/stowmark/internal/infra/webdav/object_repository.go:121.3,123.1 2 0
github.com/bruli-lab/stowmark/internal/infra/webdav/object_repository.go:125.2,128.8 1 0
github.com/bruli-lab/stowmark/internal/infra/webdav/object_repository.go:132.2,132.34 1 0
github.com/bruli-lab/stowmark/internal/infra/webdav/object_repository.go:133.3,134.1 1 0
github.com/bruli-lab/stowmark/internal/infra/webdav/object_repository.go:136.2,136.19 1 0
github.com/bruli-lab/stowmark/internal/infra/webdav/object_repository.go:137.3,138.1 1 0
github.com/bruli-lab/stowmark/internal/infra/webdav/object_repository.go:140.2,140.19 1 0
github.com/bruli-lab/stowmark/internal/infra/webdav/object_repository.go:141.3,142.1 1 0
github.com/bruli-lab/stowmark/internal/infra/webdav/object_repository.go:144.2,144.19 1 0
github.com/bruli-lab/stowmark/internal/infra/webdav/object_repository.go:145.3,146.1 1 0
github.com/bruli-lab/stowmark/internal/infra/webdav/object_repository.go:148.2,149.1 3 0
github.com/bruli-lab/stowmark/internal/infra/webdav/object_repository.go:150.2,151.1 3 0
github.com/bruli-lab/stowmark/internal/infra/webdav/object_repository.go:152.2,152.59 3 0
github.com/bruli-lab/stowmark/internal/infra/webdav/object_repository.go:153.3,154.1 1 0
github.com/bruli-lab/stowmark/internal/infra/webdav/object_repository.go:156.2,157.1 4 0
github.com/bruli-lab/stowmark/internal/infra/webdav/object_repository.go:158.2,159.1 4 0
github.com/bruli-lab/stowmark/internal/infra/webdav/object_repository.go:160.2,161.16 4 0
github.com/bruli-lab/stowmark/internal/infra/webdav/object_repository.go:162.3,163.1 1 0
github.com/bruli-lab/stowmark/internal/infra/webdav/object_repository.go:165.2,165.59 1 0
github.com/bruli-lab/stowmark/internal/infra/webdav/object_repository.go:166.3,167.1 2 0
github.com/bruli-lab/stowmark/internal/infra/webdav/object_repository.go:168.3,169.1 2 0
github.com/bruli-lab/stowmark/internal/infra/webdav/object_repository.go:171.2,171.34 1 0
github.com/bruli-lab/stowmark/internal/infra/webdav/object_repository.go:172.3,174.1 2 0
github.com/bruli-lab/stowmark/internal/infra/webdav/object_repository.go:176.2,176.41 1 0
github.com/bruli-lab/stowmark/internal/infra/webdav/object_repository.go:177.3,178.1 1 0
github.com/bruli-lab/stowmark/internal/infra/webdav/object_repository.go:180.2,180.34 1 0
github.com/bruli-lab/stowmark/internal/infra/webdav/object_repository.go:181.3,182.1 1 0
github.com/bruli-lab/stowmark/internal/infra/webdav/object_repository.go:184.2,184.86 1 0
github.com/bruli-lab/stowmark/internal/infra/webdav/object_repository.go:185.3,186.1 2 0
github.com/bruli-lab/stowmark/internal/infra/webdav/object_repository.go:187.3,188.1 2 0
github.com/bruli-lab/stowmark/internal/infra/webdav/object_repository.go:190.2,190.12 1 0
github.com/bruli-lab/stowmark/internal/infra/webdav/object_repository.go:194.2,196.1 3 0
github.com/bruli-lab/stowmark/internal/infra/webdav/object_repository.go:197.2,202.1 3 0
github.com/bruli-lab/stowmark/internal/infra/webdav/object_repository.go:205.2,205.34 1 0
github.com/bruli-lab/stowmark/internal/infra/webdav/object_repository.go:206.3,207.1 1 0
github.com/bruli-lab/stowmark/internal/infra/webdav/object_repository.go:209.2,210.1 2 0
github.com/bruli-lab/stowmark/internal/infra/webdav/object_repository.go:211.2,211.51 2 0
github.com/bruli-lab/stowmark/internal/infra/webdav/object_repository.go:212.3,212.34 1 0
github.com/bruli-lab/stowmark/internal/infra/webdav/object_repository.go:213.4,214.1 1 0
github.com/bruli-lab/stowmark/internal/infra/webdav/object_repository.go:216.3,216.111 1 0
github.com/bruli-lab/stowmark/internal/infra/webdav/object_repository.go:219.2,219.18 1 0
github.com/bruli-lab/stowmark/internal/infra/webdav/object_repository.go:223.2,223.69 1 0
github.com/bruli-lab/stowmark/internal/infra/webdav/object_repository.go:224.3,225.1 1 0
github.com/bruli-lab/stowmark/internal/infra/webdav/object_repository.go:226.2,226.12 1 0
github.com/bruli-lab/stowmark/internal/infra/webdav/object_repository.go:230.2,230.34 1 0
github.com/bruli-lab/stowmark/internal/infra/webdav/object_repository.go:231.3,232.1 1 0
github.com/bruli-lab/stowmark/internal/infra/webdav/object_repository.go:234.2,234.19 1 0
github.com/bruli-lab/stowmark/internal/infra/webdav/object_repository.go:235.3,236.1 1 0
github.com/bruli-lab/stowmark/internal/infra/webdav/object_repository.go:238.2,240.1 4 0
github.com/bruli-lab/stowmark/internal/infra/webdav/object_repository.go:241.2,242.16 4 0
github.com/bruli-lab/stowmark/internal/infra/webdav/object_repository.go:243.3,243.34 1 0
github.com/bruli-lab/stowmark/internal/infra/webdav/object_repository.go:244.4,245.1 1 0
github.com/bruli-lab/stowmark/internal/infra/webdav/object_repository.go:247.3,247.71 1 0
github.com/bruli-lab/stowmark/internal/infra/webdav/object_repository.go:250.2,250.28 1 0
github.com/bruli-lab/stowmark/internal/infra/webdav/object_repository.go:251.3,252.1 1 0
github.com/bruli-lab/stowmark/internal/infra/webdav/object_repository.go:254.2,255.16 2 0
github.com/bruli-lab/stowmark/internal/infra/webdav/object_repository.go:256.3,258.1 2 0
github.com/bruli-lab/stowmark/internal/infra/webdav/object_repository.go:260.2,263.8 1 0
github.com/bruli-lab/stowmark/internal/infra/webdav/object_repository.go:267.2,267.34 1 0
github.com/bruli-lab/stowmark/internal/infra/webdav/object_repository.go:268.3,269.1 1 0
github.com/bruli-lab/stowmark/internal/infra/webdav/object_repository.go:271.2,272.16 2 0
github.com/bruli-lab/stowmark/internal/infra/webdav/object_repository.go:273.3,274.1 1 0
github.com/bruli-lab/stowmark/internal/infra/webdav/object_repository.go:275.2,275.15 1 0
github.com/bruli-lab/stowmark/internal/infra/webdav/object_repository.go:276.3,277.1 1 0
github.com/bruli-lab/stowmark/internal/infra/webdav/object_repository.go:279.2,280.16 2 0
github.com/bruli-lab/stowmark/internal/infra/webdav/object_repository.go:281.3,282.1 1 0
github.com/bruli-lab/stowmark/internal/infra/webdav/object_repository.go:284.2,285.1 2 0
github.com/bruli-lab/stowmark/internal/infra/webdav/object_repository.go:286.2,286.62 2 0
github.com/bruli-lab/stowmark/internal/infra/webdav/object_repository.go:287.3,292.1 1 0
github.com/bruli-lab/stowmark/internal/infra/webdav/object_repository.go:294.2,294.34 1 0
github.com/bruli-lab/stowmark/internal/infra/webdav/object_repository.go:295.3,296.1 1 0
github.com/bruli-lab/stowmark/internal/infra/webdav/object_repository.go:298.2,302.16 1 0
github.com/bruli-lab/stowmark/internal/infra/webdav/object_repository.go:303.3,304.1 2 0
github.com/bruli-lab/stowmark/internal/infra/webdav/object_repository.go:305.3,306.1 2 0
github.com/bruli-lab/stowmark/internal/infra/webdav/object_repository.go:308.2,308.34 1 0
github.com/bruli-lab/stowmark/internal/infra/webdav/object_repository.go:309.3,310.1 1 0
github.com/bruli-lab/stowmark/internal/infra/webdav/object_repository.go:312.2,313.16 2 0
github.com/bruli-lab/stowmark/internal/infra/webdav/object_repository.go:314.3,315.1 1 0
github.com/bruli-lab/stowmark/internal/infra/webdav/object_repository.go:317.2,317.18 1 0
github.com/bruli-lab/stowmark/internal/infra/webdav/object_repository.go:318.3,319.1 1 0
github.com/bruli-lab/stowmark/internal/infra/webdav/object_repository.go:321.2,321.41 1 0
github.com/bruli-lab/stowmark/internal/infra/webdav/object_repository.go:322.3,323.1 1 0
github.com/bruli-lab/stowmark/internal/infra/webdav/object_repository.go:325.2,325.12 1 0
github.com/bruli-lab/stowmark/internal/infra/webdav/object_repository.go:329.2,329.34 1 0
github.com/bruli-lab/stowmark/internal/infra/webdav/object_repository.go:330.3,331.1 1 0
github.com/bruli-lab/stowmark/internal/infra/webdav/object_repository.go:333.2,333.17 1 0
github.com/bruli-lab/stowmark/internal/infra/webdav/object_repository.go:334.3,335.1 1 0
github.com/bruli-lab/stowmark/internal/infra/webdav/object_repository.go:337.2,338.16 2 0
github.com/bruli-lab/stowmark/internal/infra/webdav/object_repository.go:339.3,340.1 1 0
github.com/bruli-lab/stowmark/internal/infra/webdav/object_repository.go:341.2,341.15 1 0
github.com/bruli-lab/stowmark/internal/infra/webdav/object_repository.go:342.3,343.1 1 0
github.com/bruli-lab/stowmark/internal/infra/webdav/object_repository.go:345.2,346.16 2 0
github.com/bruli-lab/stowmark/internal/infra/webdav/object_repository.go:347.3,348.1 1 0
github.com/bruli-lab/stowmark/internal/infra/webdav/object_repository.go:350.2,360.16 2 0
github.com/bruli-lab/stowmark/internal/infra/webdav/object_repository.go:361.3,362.1 1 0
github.com/bruli-lab/stowmark/internal/infra/webdav/object_repository.go:364.2,365.1 2 0
github.com/bruli-lab/stowmark/internal/infra/webdav/object_repository.go:366.2,366.62 2 0
github.com/bruli-lab/stowmark/internal/infra/webdav/object_repository.go:367.3,368.1 1 0
github.com/bruli-lab/stowmark/internal/infra/webdav/object_repository.go:370.2,374.16 1 0
github.com/bruli-lab/stowmark/internal/infra/webdav/object_repository.go:375.3,380.1 1 0
github.com/bruli-lab/stowmark/internal/infra/webdav/object_repository.go:382.2,383.16 2 0
github.com/bruli-lab/stowmark/internal/infra/webdav/object_repository.go:384.3,389.1 1 0
github.com/bruli-lab/stowmark/internal/infra/webdav/object_repository.go:391.2,391.18 1 0
github.com/bruli-lab/stowmark/internal/infra/webdav/object_repository.go:392.3,396.1 1 0
github.com/bruli-lab/stowmark/internal/infra/webdav/object_repository.go:398.2,398.12 1 0
github.com/bruli-lab/stowmark/internal/infra/webdav/object_repository.go:402.2,402.34 1 0
github.com/bruli-lab/stowmark/internal/infra/webdav/object_repository.go:403.3,404.1 1 0
github.com/bruli-lab/stowmark/internal/infra/webdav/object_repository.go:406.2,406.19 1 0
github.com/bruli-lab/stowmark/internal/infra/webdav/object_repository.go:407.3,408.1 1 0
github.com/bruli-lab/stowmark/internal/infra/webdav/object_repository.go:410.2,412.1 4 0
github.com/bruli-lab/stowmark/internal/infra/webdav/object_repository.go:413.2,414.9 4 0
github.com/bruli-lab/stowmark/internal/infra/webdav/object_repository.go:416.3,416.19 1 0
github.com/bruli-lab/stowmark/internal/infra/webdav/object_repository.go:417.4,421.1 1 0
github.com/bruli-lab/stowmark/internal/infra/webdav/object_repository.go:423.3,423.19 1 0
github.com/bruli-lab/stowmark/internal/infra/webdav/object_repository.go:426.3,426.20 1 0
github.com/bruli-lab/stowmark/internal/infra/webdav/object_repository.go:429.3,429.79 1 0
github.com/bruli-lab/stowmark/internal/infra/webdav/object_repository.go:434.2,437.9 4 0
github.com/bruli-lab/stowmark/internal/infra/webdav/object_repository.go:439.3,439.13 1 0
github.com/bruli-lab/stowmark/internal/infra/webdav/object_repository.go:442.3,445.4 1 0
github.com/bruli-lab/stowmark/internal/infra/webdav/object_repository.go:448.3,452.4 1 0
github.com/bruli-lab/stowmark/internal/infra/webdav/object_repository.go:455.2,455.64 1 0
github.com/bruli-lab/stowmark/internal/infra/webdav/object_repository.go:456.3,457.1 1 0
github.com/bruli-lab/stowmark/internal/infra/webdav/object_repository.go:459.2,460.1 2 0
github.com/bruli-lab/stowmark/internal/infra/webdav/object_repository.go:461.2,461.12 2 0
github.com/bruli-lab/stowmark/internal/infra/webdav/object_repository.go:465.2,465.34 1 0
github.com/bruli-lab/stowmark/internal/infra/webdav/object_repository.go:466.3,467.1 1 0
github.com/bruli-lab/stowmark/internal/infra/webdav/object_repository.go:469.2,469.17 1 0
github.com/bruli-lab/stowmark/internal/infra/webdav/object_repository.go:470.3,471.1 1 0
github.com/bruli-lab/stowmark/internal/infra/webdav/object_repository.go:473.2,473.16 1 0
github.com/bruli-lab/stowmark/internal/infra/webdav/object_repository.go:474.3,475.1 1 0
github.com/bruli-lab/stowmark/internal/infra/webdav/object_repository.go:477.2,478.16 2 0
github.com/bruli-lab/stowmark/internal/infra/webdav/object_repository.go:479.3,480.1 1 0
github.com/bruli-lab/stowmark/internal/infra/webdav/object_repository.go:482.2,483.1 2 0
github.com/bruli-lab/stowmark/internal/infra/webdav/object_repository.go:484.2,484.74 2 0
github.com/bruli-lab/stowmark/internal/infra/webdav/object_repository.go:485.3,486.1 1 0
github.com/bruli-lab/stowmark/internal/infra/webdav/object_repository.go:488.2,489.16 2 0
github.com/bruli-lab/stowmark/internal/infra/webdav/object_repository.go:490.3,491.1 1 0
github.com/bruli-lab/stowmark/internal/infra/webdav/object_repository.go:493.2,495.1 3 0
github.com/bruli-lab/stowmark/internal/infra/webdav/object_repository.go:496.2,496.15 3 0
github.com/bruli-lab/stowmark/internal/infra/webdav/object_repository.go:497.3,497.25 1 0
github.com/bruli-lab/stowmark/internal/infra/webdav/object_repository.go:498.4,499.1 1 0
github.com/bruli-lab/stowmark/internal/infra/webdav/object_repository.go:501.3,501.24 1 0
github.com/bruli-lab/stowmark/internal/infra/webdav/object_repository.go:502.4,503.1 1 0
github.com/bruli-lab/stowmark/internal/infra/webdav/object_repository.go:506.2,507.1 2 0
github.com/bruli-lab/stowmark/internal/infra/webdav/object_repository.go:508.2,508.34 2 0
github.com/bruli-lab/stowmark/internal/infra/webdav/object_repository.go:509.3,509.35 1 0
github.com/bruli-lab/stowmark/internal/infra/webdav/object_repository.go:510.4,511.1 1 0
github.com/bruli-lab/stowmark/internal/infra/webdav/object_repository.go:513.3,514.17 2 0
github.com/bruli-lab/stowmark/internal/infra/webdav/object_repository.go:515.4,522.1 1 0
github.com/bruli-lab/stowmark/internal/infra/webdav/object_repository.go:524.3,524.26 1 0
github.com/bruli-lab/stowmark/internal/infra/webdav/object_repository.go:527.2,527.32 1 0
github.com/bruli-lab/stowmark/internal/infra/webdav/object_repository.go:528.3,534.1 1 0
github.com/bruli-lab/stowmark/internal/infra/webdav/object_repository.go:536.2,536.44 1 0
github.com/bruli-lab/stowmark/internal/infra/webdav/object_repository.go:537.3,539.1 2 0
github.com/bruli-lab/stowmark/internal/infra/webdav/object_repository.go:541.2,543.1 3 0
github.com/bruli-lab/stowmark/internal/infra/webdav/object_repository.go:544.2,544.12 3 0
github.com/bruli-lab/stowmark/internal/infra/webdav/object_repository.go:548.2,548.34 1 0
github.com/bruli-lab/stowmark/internal/infra/webdav/object_repository.go:549.3,550.1 1 0
github.com/bruli-lab/stowmark/internal/infra/webdav/object_repository.go:552.2,552.19 1 0
github.com/bruli-lab/stowmark/internal/infra/webdav/object_repository.go:553.3,554.1 1 0
github.com/bruli-lab/stowmark/internal/infra/webdav/object_repository.go:556.2,558.1 4 0
github.com/bruli-lab/stowmark/internal/infra/webdav/object_repository.go:559.2,560.16 4 0
github.com/bruli-lab/stowmark/internal/infra/webdav/object_repository.go:561.3,561.34 1 0
github.com/bruli-lab/stowmark/internal/infra/webdav/object_repository.go:562.4,563.1 1 0
github.com/bruli-lab/stowmark/internal/infra/webdav/object_repository.go:565.3,565.69 1 0
github.com/bruli-lab/stowmark/internal/infra/webdav/object_repository.go:567.2,567.15 1 0
github.com/bruli-lab/stowmark/internal/infra/webdav/object_repository.go:568.3,569.1 1 0
github.com/bruli-lab/stowmark/internal/infra/webdav/object_repository.go:571.2,572.1 2 0
github.com/bruli-lab/stowmark/internal/infra/webdav/object_repository.go:573.2,573.27 2 0
github.com/bruli-lab/stowmark/internal/infra/webdav/object_repository.go:574.3,575.17 2 0
github.com/bruli-lab/stowmark/internal/infra/webdav/object_repository.go:576.4,577.1 1 0
github.com/bruli-lab/stowmark/internal/infra/webdav/object_repository.go:580.2,581.16 2 0
github.com/bruli-lab/stowmark/internal/infra/webdav/object_repository.go:582.3,583.1 1 0
github.com/bruli-lab/stowmark/internal/infra/webdav/object_repository.go:585.2,586.16 2 0
github.com/bruli-lab/stowmark/internal/infra/webdav/object_repository.go:587.3,588.1 1 0
github.com/bruli-lab/stowmark/internal/infra/webdav/object_repository.go:590.2,590.27 1 0
github.com/bruli-lab/stowmark/internal/infra/webdav/object_repository.go:591.3,592.1 1 0
github.com/bruli-lab/stowmark/internal/infra/webdav/object_repository.go:594.2,598.16 2 0
github.com/bruli-lab/stowmark/internal/infra/webdav/object_repository.go:599.3,600.1 1 0
github.com/bruli-lab/stowmark/internal/infra/webdav/object_repository.go:602.2,602.21 1 0
github.com/bruli-lab/stowmark/internal/infra/webdav/object_repository.go:606.2,615.1 2 0
github.com/bruli-lab/stowmark/pkg/stowmark/create_snapshot.go:21.2,22.16 2 0
github.com/bruli-lab/stowmark/pkg/stowmark/create_snapshot.go:23.3,24.1 1 0
github.com/bruli-lab/stowmark/pkg/stowmark/create_snapshot.go:25.2,25.15 1 0
github.com/bruli-lab/stowmark/pkg/stowmark/create_snapshot.go:26.3,27.1 1 0
github.com/bruli-lab/stowmark/pkg/stowmark/create_snapshot.go:28.2,36.16 3 0
github.com/bruli-lab/stowmark/pkg/stowmark/create_snapshot.go:37.3,38.1 1 0
github.com/bruli-lab/stowmark/pkg/stowmark/create_snapshot.go:39.2,40.1 3 0
github.com/bruli-lab/stowmark/pkg/stowmark/create_snapshot.go:41.2,46.16 3 0
github.com/bruli-lab/stowmark/pkg/stowmark/create_snapshot.go:47.3,48.1 1 0
github.com/bruli-lab/stowmark/pkg/stowmark/create_snapshot.go:49.2,49.22 1 0
github.com/bruli-lab/stowmark/pkg/stowmark/create_snapshot.go:50.3,51.1 1 0
github.com/bruli-lab/stowmark/pkg/stowmark/create_snapshot.go:52.2,53.9 2 0
github.com/bruli-lab/stowmark/pkg/stowmark/create_snapshot.go:54.3,55.1 1 0
github.com/bruli-lab/stowmark/pkg/stowmark/create_snapshot.go:56.2,60.8 1 0
github.com/bruli-lab/stowmark/pkg/stowmark/get_manifest.go:33.2,34.16 2 0
github.com/bruli-lab/stowmark/pkg/stowmark/get_manifest.go:35.3,36.1 1 0
github.com/bruli-lab/stowmark/pkg/stowmark/get_manifest.go:37.2,37.15 1 0
github.com/bruli-lab/stowmark/pkg/stowmark/get_manifest.go:38.3,39.1 1 0
github.com/bruli-lab/stowmark/pkg/stowmark/get_manifest.go:40.2,42.16 3 0
github.com/bruli-lab/stowmark/pkg/stowmark/get_manifest.go:43.3,44.1 1 0
github.com/bruli-lab/stowmark/pkg/stowmark/get_manifest.go:45.2,49.16 3 0
github.com/bruli-lab/stowmark/pkg/stowmark/get_manifest.go:50.3,51.1 1 0
github.com/bruli-lab/stowmark/pkg/stowmark/get_manifest.go:52.2,53.9 2 0
github.com/bruli-lab/stowmark/pkg/stowmark/get_manifest.go:54.3,55.1 1 0
github.com/bruli-lab/stowmark/pkg/stowmark/get_manifest.go:57.2,58.40 2 0
github.com/bruli-lab/stowmark/pkg/stowmark/get_manifest.go:59.3,60.39 2 0
github.com/bruli-lab/stowmark/pkg/stowmark/get_manifest.go:61.4,65.1 1 0
github.com/bruli-lab/stowmark/pkg/stowmark/get_manifest.go:67.3,72.1 1 0
github.com/bruli-lab/stowmark/pkg/stowmark/get_manifest.go:75.2,80.8 1 0
github.com/bruli-lab/stowmark/pkg/stowmark/handler.go:26.2,27.1 1 0
github.com/bruli-lab/stowmark/pkg/stowmark/handler.go:30.2,31.16 2 0
github.com/bruli-lab/stowmark/pkg/stowmark/handler.go:32.3,33.1 1 0
github.com/bruli-lab/stowmark/pkg/stowmark/handler.go:35.2,38.16 4 0
github.com/bruli-lab/stowmark/pkg/stowmark/handler.go:39.3,40.1 1 0
github.com/bruli-lab/stowmark/pkg/stowmark/handler.go:41.2,42.16 2 0
github.com/bruli-lab/stowmark/pkg/stowmark/handler.go:43.3,44.1 1 0
github.com/bruli-lab/stowmark/pkg/stowmark/handler.go:46.2,55.8 1 0
github.com/bruli-lab/stowmark/pkg/stowmark/init.go:21.2,23.16 3 0
github.com/bruli-lab/stowmark/pkg/stowmark/init.go:24.3,25.1 1 0
github.com/bruli-lab/stowmark/pkg/stowmark/init.go:26.2,27.16 2 0
github.com/bruli-lab/stowmark/pkg/stowmark/init.go:28.3,29.1 1 0
github.com/bruli-lab/stowmark/pkg/stowmark/init.go:30.2,31.22 2 0
github.com/bruli-lab/stowmark/pkg/stowmark/init.go:32.3,34.17 3 0
github.com/bruli-lab/stowmark/pkg/stowmark/init.go:35.4,36.1 1 0
github.com/bruli-lab/stowmark/pkg/stowmark/init.go:38.2,40.16 3 0
github.com/bruli-lab/stowmark/pkg/stowmark/init.go:41.3,42.1 1 0
github.com/bruli-lab/stowmark/pkg/stowmark/init.go:44.2,45.16 2 0
github.com/bruli-lab/stowmark/pkg/stowmark/init.go:46.3,47.1 1 0
github.com/bruli-lab/stowmark/pkg/stowmark/init.go:48.2,48.15 1 0
github.com/bruli-lab/stowmark/pkg/stowmark/init.go:49.3,50.1 1 0
github.com/bruli-lab/stowmark/pkg/stowmark/init.go:51.2,52.16 2 0
github.com/bruli-lab/stowmark/pkg/stowmark/init.go:53.3,54.1 1 0
github.com/bruli-lab/stowmark/pkg/stowmark/init.go:55.2,60.22 3 0
github.com/bruli-lab/stowmark/pkg/stowmark/init.go:61.3,62.1 1 0
github.com/bruli-lab/stowmark/pkg/stowmark/init.go:63.2,64.9 2 0
github.com/bruli-lab/stowmark/pkg/stowmark/init.go:65.3,66.1 1 0
github.com/bruli-lab/stowmark/pkg/stowmark/init.go:67.2,67.16 1 0
github.com/bruli-lab/stowmark/pkg/stowmark/init.go:68.3,69.1 1 0
github.com/bruli-lab/stowmark/pkg/stowmark/init.go:70.2,70.42 1 0
github.com/bruli-lab/stowmark/pkg/stowmark/init.go:71.3,72.1 1 0
github.com/bruli-lab/stowmark/pkg/stowmark/init.go:73.2,73.12 1 0
github.com/bruli-lab/stowmark/pkg/stowmark/key_generate.go:12.2,13.16 2 0
github.com/bruli-lab/stowmark/pkg/stowmark/key_generate.go:14.3,15.1 1 0
github.com/bruli-lab/stowmark/pkg/stowmark/key_generate.go:16.2,16.15 1 0
github.com/bruli-lab/stowmark/pkg/stowmark/key_generate.go:17.3,18.1 1 0
github.com/bruli-lab/stowmark/pkg/stowmark/key_generate.go:19.2,20.16 2 0
github.com/bruli-lab/stowmark/pkg/stowmark/key_generate.go:21.3,22.1 1 0
github.com/bruli-lab/stowmark/pkg/stowmark/key_generate.go:23.2,25.16 3 0
github.com/bruli-lab/stowmark/pkg/stowmark/key_generate.go:26.3,27.1 1 0
github.com/bruli-lab/stowmark/pkg/stowmark/key_generate.go:28.2,30.16 3 0
github.com/bruli-lab/stowmark/pkg/stowmark/key_generate.go:31.3,32.1 1 0
github.com/bruli-lab/stowmark/pkg/stowmark/key_generate.go:33.2,33.18 1 0
github.com/bruli-lab/stowmark/pkg/stowmark/list_snapshots.go:22.2,23.16 2 0
github.com/bruli-lab/stowmark/pkg/stowmark/list_snapshots.go:24.3,25.1 1 0
github.com/bruli-lab/stowmark/pkg/stowmark/list_snapshots.go:26.2,26.15 1 0
github.com/bruli-lab/stowmark/pkg/stowmark/list_snapshots.go:27.3,28.1 1 0
github.com/bruli-lab/stowmark/pkg/stowmark/list_snapshots.go:29.2,31.16 3 0
github.com/bruli-lab/stowmark/pkg/stowmark/list_snapshots.go:32.3,33.1 1 0
github.com/bruli-lab/stowmark/pkg/stowmark/list_snapshots.go:34.2,36.16 3 0
github.com/bruli-lab/stowmark/pkg/stowmark/list_snapshots.go:37.3,38.1 1 0
github.com/bruli-lab/stowmark/pkg/stowmark/list_snapshots.go:39.2,40.9 2 0
github.com/bruli-lab/stowmark/pkg/stowmark/list_snapshots.go:41.3,42.1 1 0
github.com/bruli-lab/stowmark/pkg/stowmark/list_snapshots.go:44.2,45.29 2 0
github.com/bruli-lab/stowmark/pkg/stowmark/list_snapshots.go:46.3,52.1 1 0
github.com/bruli-lab/stowmark/pkg/stowmark/list_snapshots.go:55.2,55.20 1 0
github.com/bruli-lab/stowmark/pkg/stowmark/observability.go:11.2,13.16 3 0
github.com/bruli-lab/stowmark/pkg/stowmark/observability.go:14.3,15.1 1 0
github.com/bruli-lab/stowmark/pkg/stowmark/observability.go:16.2,16.18 1 0
github.com/bruli-lab/stowmark/pkg/stowmark/rekey.go:12.2,13.16 2 0
github.com/bruli-lab/stowmark/pkg/stowmark/rekey.go:14.3,15.1 1 0
github.com/bruli-lab/stowmark/pkg/stowmark/rekey.go:16.2,16.15 1 0
github.com/bruli-lab/stowmark/pkg/stowmark/rekey.go:17.3,18.1 1 0
github.com/bruli-lab/stowmark/pkg/stowmark/rekey.go:19.2,21.16 3 0
github.com/bruli-lab/stowmark/pkg/stowmark/rekey.go:22.3,23.1 1 0
github.com/bruli-lab/stowmark/pkg/stowmark/rekey.go:24.2,30.16 3 0
github.com/bruli-lab/stowmark/pkg/stowmark/rekey.go:31.3,32.1 1 0
github.com/bruli-lab/stowmark/pkg/stowmark/rekey.go:33.2,33.12 1 0
github.com/bruli-lab/stowmark/pkg/stowmark/restore_file.go:15.2,16.16 2 0
github.com/bruli-lab/stowmark/pkg/stowmark/restore_file.go:17.3,18.1 1 0
github.com/bruli-lab/stowmark/pkg/stowmark/restore_file.go:19.2,19.15 1 0
github.com/bruli-lab/stowmark/pkg/stowmark/restore_file.go:20.3,21.1 1 0
github.com/bruli-lab/stowmark/pkg/stowmark/restore_file.go:22.2,30.16 4 0
github.com/bruli-lab/stowmark/pkg/stowmark/restore_file.go:31.3,32.1 1 0
github.com/bruli-lab/stowmark/pkg/stowmark/restore_file.go:33.2,41.12 3 0
github.com/bruli-lab/stowmark/pkg/stowmark/restore_snapshot.go:16.2,17.16 2 0
github.com/bruli-lab/stowmark/pkg/stowmark/restore_snapshot.go:18.3,19.1 1 0
github.com/bruli-lab/stowmark/pkg/stowmark/restore_snapshot.go:20.2,20.15 1 0
github.com/bruli-lab/stowmark/pkg/stowmark/restore_snapshot.go:21.3,22.1 1 0
github.com/bruli-lab/stowmark/pkg/stowmark/restore_snapshot.go:23.2,31.16 4 0
github.com/bruli-lab/stowmark/pkg/stowmark/restore_snapshot.go:32.3,33.1 1 0
github.com/bruli-lab/stowmark/pkg/stowmark/restore_snapshot.go:34.2,41.16 3 0
github.com/bruli-lab/stowmark/pkg/stowmark/restore_snapshot.go:42.3,43.1 1 0
github.com/bruli-lab/stowmark/pkg/stowmark/restore_snapshot.go:44.2,44.22 1 0
github.com/bruli-lab/stowmark/pkg/stowmark/restore_snapshot.go:45.3,46.1 1 0
github.com/bruli-lab/stowmark/pkg/stowmark/restore_snapshot.go:47.2,48.9 2 0
github.com/bruli-lab/stowmark/pkg/stowmark/restore_snapshot.go:49.3,50.1 1 0
github.com/bruli-lab/stowmark/pkg/stowmark/restore_snapshot.go:51.2,52.39 2 0
github.com/bruli-lab/stowmark/pkg/stowmark/restore_snapshot.go:53.3,56.1 1 0
github.com/bruli-lab/stowmark/pkg/stowmark/restore_snapshot.go:58.2,63.8 1 0
github.com/bruli-lab/stowmark/pkg/stowmark/rewrap.go:12.2,13.16 2 0
github.com/bruli-lab/stowmark/pkg/stowmark/rewrap.go:14.3,15.1 1 0
github.com/bruli-lab/stowmark/pkg/stowmark/rewrap.go:16.2,16.15 1 0
github.com/bruli-lab/stowmark/pkg/stowmark/rewrap.go:17.3,18.1 1 0
github.com/bruli-lab/stowmark/pkg/stowmark/rewrap.go:19.2,21.16 3 0
github.com/bruli-lab/stowmark/pkg/stowmark/rewrap.go:22.3,23.1 1 0
github.com/bruli-lab/stowmark/pkg/stowmark/rewrap.go:24.2,30.12 3 0
github.com/bruli-lab/stowmark/pkg/stowmark/verify_snapshot.go:25.2,26.16 2 0
github.com/bruli-lab/stowmark/pkg/stowmark/verify_snapshot.go:27.3,28.1 1 0
github.com/bruli-lab/stowmark/pkg/stowmark/verify_snapshot.go:29.2,29.15 1 0
github.com/bruli-lab/stowmark/pkg/stowmark/verify_snapshot.go:30.3,31.1 1 0
github.com/bruli-lab/stowmark/pkg/stowmark/verify_snapshot.go:32.2,35.16 4 0
github.com/bruli-lab/stowmark/pkg/stowmark/verify_snapshot.go:36.3,37.1 1 0
github.com/bruli-lab/stowmark/pkg/stowmark/verify_snapshot.go:38.2,44.16 3 0
github.com/bruli-lab/stowmark/pkg/stowmark/verify_snapshot.go:45.3,46.1 1 0
github.com/bruli-lab/stowmark/pkg/stowmark/verify_snapshot.go:47.2,48.9 2 0
github.com/bruli-lab/stowmark/pkg/stowmark/verify_snapshot.go:49.3,50.1 1 0
github.com/bruli-lab/stowmark/pkg/stowmark/verify_snapshot.go:51.2,52.36 2 0
github.com/bruli-lab/stowmark/pkg/stowmark/verify_snapshot.go:53.3,56.1 1 0
github.com/bruli-lab/stowmark/pkg/stowmark/verify_snapshot.go:59.2,64.8 1 0
